version,gpu_count,mp_count,threads_per_gpu,blocks_per_gpu,element_count,element_size,runtime_ms,throughput_gb,elements_per_thread,
0,1,16,32,32,100000000,8,48.6524,16.4432,97656
0,1,16,32,64,100000000,8,21.6537,36.9452,48828
0,1,16,32,128,100000000,8,12.4007,64.5126,24414
0,1,16,32,256,100000000,8,12.3512,64.7712,12207
0,1,16,32,512,100000000,8,10.2449,78.0877,6103
0,1,16,32,1024,100000000,8,12.4841,64.0817,3051
0,1,16,32,3125000,100000000,8,10.8519,73.7196,1
0,1,16,64,32,100000000,8,23.654,33.8208,48828
0,1,16,64,64,100000000,8,14.4363,55.416,24414
0,1,16,64,128,100000000,8,10.9664,72.9499,12207
0,1,16,64,256,100000000,8,11.9868,66.74,6103
0,1,16,64,512,100000000,8,12.545,63.7706,3051
0,1,16,64,1024,100000000,8,10.2916,77.7334,1525
0,1,16,64,1562500,100000000,8,11.4042,70.1494,1
0,1,16,128,32,100000000,8,11.6008,68.961,24414
0,1,16,128,64,100000000,8,12.4296,64.3623,12207
0,1,16,128,128,100000000,8,12.2061,65.5409,6103
0,1,16,128,256,100000000,8,9.51658,84.0639,3051
0,1,16,128,512,100000000,8,9.43158,84.8214,1525
0,1,16,128,1024,100000000,8,9.87635,81.0016,762
0,1,16,128,781250,100000000,8,11.1316,71.8674,1
0,1,16,256,32,100000000,8,12.7802,62.597,12207
0,1,16,256,64,100000000,8,10.2766,77.8469,6103
0,1,16,256,128,100000000,8,11.8779,67.3522,3051
0,1,16,256,256,100000000,8,12.2285,65.4207,1525
0,1,16,256,512,100000000,8,10.9889,72.8008,762
0,1,16,256,1024,100000000,8,9.89114,80.8805,381
0,1,16,256,390625,100000000,8,11.7925,67.8397,1
0,1,16,512,32,100000000,8,12.7728,62.6331,6103
0,1,16,512,64,100000000,8,11.1616,71.6743,3051
0,1,16,512,128,100000000,8,11.4053,70.1426,1525
0,1,16,512,256,100000000,8,12.4603,64.2041,762
0,1,16,512,512,100000000,8,10.9956,72.7565,381
0,1,16,512,1024,100000000,8,9.35226,85.5409,190
0,1,16,512,195312,100000000,8,11.7729,67.9529,1
0,1,16,1024,32,100000000,8,12.9776,61.6448,3051
0,1,16,1024,64,100000000,8,10.4029,76.9013,1525
0,1,16,1024,128,100000000,8,11.6221,68.8343,762
0,1,16,1024,256,100000000,8,11.8663,67.418,381
0,1,16,1024,512,100000000,8,12.074,66.2583,190
0,1,16,1024,1024,100000000,8,12.132,65.9413,95
0,1,16,1024,97656,100000000,8,11.0652,72.2984,1
0,1,16,32,32,100000000,8,42.0504,19.0248,97656
0,1,16,32,64,100000000,8,24.4577,32.7096,48828
0,1,16,32,128,100000000,8,14.7934,54.0783,24414
0,1,16,32,256,100000000,8,12.7252,62.8671,12207
0,1,16,32,512,100000000,8,12.6659,63.1619,6103
0,1,16,32,1024,100000000,8,12.6032,63.4759,3051
0,1,16,32,3125000,100000000,8,10.1561,78.7702,1
0,1,16,64,32,100000000,8,21.7034,36.8606,48828
0,1,16,64,64,100000000,8,13.665,58.5438,24414
0,1,16,64,128,100000000,8,12.9173,61.9324,12207
0,1,16,64,256,100000000,8,12.1826,65.6675,6103
0,1,16,64,512,100000000,8,12.4986,64.0074,3051
0,1,16,64,1024,100000000,8,12.4808,64.0986,1525
0,1,16,64,1562500,100000000,8,11.8028,67.7804,1
0,1,16,128,32,100000000,8,14.6926,54.449,24414
0,1,16,128,64,100000000,8,9.92976,80.5659,12207
0,1,16,128,128,100000000,8,11.833,67.6076,6103
0,1,16,128,256,100000000,8,12.8143,62.4301,3051
0,1,16,128,512,100000000,8,10.0002,79.9985,1525
0,1,16,128,1024,100000000,8,12.1172,66.0218,762
0,1,16,128,781250,100000000,8,12.3372,64.8445,1
0,1,16,256,32,100000000,8,11.7809,67.9064,12207
0,1,16,256,64,100000000,8,12.6554,63.2143,6103
0,1,16,256,128,100000000,8,12.5555,63.7172,3051
0,1,16,256,256,100000000,8,11.7381,68.1539,1525
0,1,16,256,512,100000000,8,9.37872,85.2995,762
0,1,16,256,1024,100000000,8,11.596,68.9891,381
0,1,16,256,390625,100000000,8,9.09616,87.9492,1
0,1,16,512,32,100000000,8,10.978,72.8729,6103
0,1,16,512,64,100000000,8,11.6788,68.4999,3051
0,1,16,512,128,100000000,8,10.6971,74.7869,1525
0,1,16,512,256,100000000,8,11.1069,72.0272,762
0,1,16,512,512,100000000,8,11.4745,69.72,381
0,1,16,512,1024,100000000,8,11.9199,67.1145,190
0,1,16,512,195312,100000000,8,10.307,77.6169,1
0,1,16,1024,32,100000000,8,11.4158,70.0785,3051
0,1,16,1024,64,100000000,8,11.7677,67.9828,1525
0,1,16,1024,128,100000000,8,12.1773,65.6958,762
0,1,16,1024,256,100000000,8,9.7993,81.6385,381
0,1,16,1024,512,100000000,8,12.1261,65.9733,190
0,1,16,1024,1024,100000000,8,10.4986,76.2005,95
0,1,16,1024,97656,100000000,8,9.5857,83.4577,1
0,1,16,32,32,100000000,8,41.4384,19.3058,97656
0,1,16,32,64,100000000,8,23.6624,33.8089,48828
0,1,16,32,128,100000000,8,14.7104,54.3832,24414
0,1,16,32,256,100000000,8,10.3766,77.0962,12207
0,1,16,32,512,100000000,8,11.7426,68.1282,6103
0,1,16,32,1024,100000000,8,11.9374,67.016,3051
0,1,16,32,3125000,100000000,8,12.4427,64.295,1
0,1,16,64,32,100000000,8,21.9265,36.4855,48828
0,1,16,64,64,100000000,8,13.8399,57.8037,24414
0,1,16,64,128,100000000,8,13.03,61.3965,12207
0,1,16,64,256,100000000,8,11.7021,68.3637,6103
0,1,16,64,512,100000000,8,10.2409,78.1184,3051
0,1,16,64,1024,100000000,8,12.173,65.7191,1525
0,1,16,64,1562500,100000000,8,12.216,65.4879,1
0,1,16,128,32,100000000,8,11.7307,68.1972,24414
0,1,16,128,64,100000000,8,12.662,63.1814,12207
0,1,16,128,128,100000000,8,10.5696,75.6888,6103
0,1,16,128,256,100000000,8,9.95587,80.3546,3051
0,1,16,128,512,100000000,8,12.2324,65.4,1525
0,1,16,128,1024,100000000,8,11.6745,68.5253,762
0,1,16,128,781250,100000000,8,9.4111,85.006,1
0,1,16,256,32,100000000,8,13.0973,61.0812,12207
0,1,16,256,64,100000000,8,11.8233,67.6632,6103
0,1,16,256,128,100000000,8,12.2866,65.1116,3051
0,1,16,256,256,100000000,8,9.88909,80.8972,1525
0,1,16,256,512,100000000,8,11.3847,70.2699,762
0,1,16,256,1024,100000000,8,11.644,68.7049,381
0,1,16,256,390625,100000000,8,10.9938,72.7681,1
0,1,16,512,32,100000000,8,9.48618,84.3333,6103
0,1,16,512,64,100000000,8,10.2801,77.8205,3051
0,1,16,512,128,100000000,8,11.7629,68.0106,1525
0,1,16,512,256,100000000,8,12.0964,66.1351,762
0,1,16,512,512,100000000,8,9.64326,82.9595,381
0,1,16,512,1024,100000000,8,11.8879,67.2955,190
0,1,16,512,195312,100000000,8,12.0214,66.5481,1
0,1,16,1024,32,100000000,8,9.72086,82.2972,3051
0,1,16,1024,64,100000000,8,9.90832,80.7402,1525
0,1,16,1024,128,100000000,8,12.4032,64.4995,762
0,1,16,1024,256,100000000,8,9.6377,83.0074,381
0,1,16,1024,512,100000000,8,9.78627,81.7472,190
0,1,16,1024,1024,100000000,8,11.3759,70.3241,95
0,1,16,1024,97656,100000000,8,11.6643,68.5856,1
0,1,16,32,32,100000000,8,40.2116,19.8948,97656
0,1,16,32,64,100000000,8,22.2694,35.9237,48828
0,1,16,32,128,100000000,8,12.6199,63.3921,24414
0,1,16,32,256,100000000,8,13.1932,60.6375,12207
0,1,16,32,512,100000000,8,12.4659,64.1753,6103
0,1,16,32,1024,100000000,8,10.4314,76.6916,3051
0,1,16,32,3125000,100000000,8,11.0146,72.6309,1
0,1,16,64,32,100000000,8,22.4771,35.5919,48828
0,1,16,64,64,100000000,8,14.0402,56.9794,24414
0,1,16,64,128,100000000,8,12.9213,61.9132,12207
0,1,16,64,256,100000000,8,10.6164,75.3555,6103
0,1,16,64,512,100000000,8,11.7668,67.988,3051
0,1,16,64,1024,100000000,8,12.1663,65.7554,1525
0,1,16,64,1562500,100000000,8,9.58342,83.4775,1
0,1,16,128,32,100000000,8,13.7155,58.3282,24414
0,1,16,128,64,100000000,8,12.1934,65.6092,12207
0,1,16,128,128,100000000,8,10.046,79.6336,6103
0,1,16,128,256,100000000,8,11.7923,67.841,3051
0,1,16,128,512,100000000,8,12.0225,66.5417,1525
0,1,16,128,1024,100000000,8,9.71306,82.3634,762
0,1,16,128,781250,100000000,8,11.9531,66.9281,1
0,1,16,256,32,100000000,8,12.1102,66.0598,12207
0,1,16,256,64,100000000,8,9.84253,81.2799,6103
0,1,16,256,128,100000000,8,9.93248,80.5438,3051
0,1,16,256,256,100000000,8,11.8582,67.4636,1525
0,1,16,256,512,100000000,8,11.3625,70.4071,762
0,1,16,256,1024,100000000,8,9.35059,85.5561,381
0,1,16,256,390625,100000000,8,11.808,67.7509,1
0,1,16,512,32,100000000,8,12.5292,63.8509,6103
0,1,16,512,64,100000000,8,9.75344,82.0223,3051
0,1,16,512,128,100000000,8,11.8115,67.7307,1525
0,1,16,512,256,100000000,8,12.4296,64.3625,762
0,1,16,512,512,100000000,8,12.2142,65.4975,381
0,1,16,512,1024,100000000,8,10.8092,74.0107,190
0,1,16,512,195312,100000000,8,11.149,71.7554,1
0,1,16,1024,32,100000000,8,12.5223,63.8858,3051
0,1,16,1024,64,100000000,8,10.1951,78.469,1525
0,1,16,1024,128,100000000,8,12.5934,63.5253,762
0,1,16,1024,256,100000000,8,9.3279,85.7642,381
0,1,16,1024,512,100000000,8,11.2994,70.8005,190
0,1,16,1024,1024,100000000,8,12.2217,65.4572,95
0,1,16,1024,97656,100000000,8,17.0507,46.919,1
0,1,16,32,32,100000000,8,41.511,19.272,97656
0,1,16,32,64,100000000,8,24.29,32.9353,48828
0,1,16,32,128,100000000,8,14.7922,54.0826,24414
0,1,16,32,256,100000000,8,11.24,71.1746,12207
0,1,16,32,512,100000000,8,12.043,66.4286,6103
0,1,16,32,1024,100000000,8,12.0927,66.1554,3051
0,1,16,32,3125000,100000000,8,11.958,66.9009,1
0,1,16,64,32,100000000,8,24.0032,33.3288,48828
0,1,16,64,64,100000000,8,14.4173,55.4888,24414
0,1,16,64,128,100000000,8,10.3822,77.0551,12207
0,1,16,64,256,100000000,8,12.6992,62.9959,6103
0,1,16,64,512,100000000,8,12.7992,62.5038,3051
0,1,16,64,1024,100000000,8,11.8511,67.5043,1525
0,1,16,64,1562500,100000000,8,11.4521,69.8564,1
0,1,16,128,32,100000000,8,14.1923,56.3688,24414
0,1,16,128,64,100000000,8,10.8761,73.5558,12207
0,1,16,128,128,100000000,8,11.3693,70.3649,6103
0,1,16,128,256,100000000,8,12.6347,63.3179,3051
0,1,16,128,512,100000000,8,9.75766,81.9868,1525
0,1,16,128,1024,100000000,8,11.8868,67.3015,762
0,1,16,128,781250,100000000,8,11.9901,66.7216,1
0,1,16,256,32,100000000,8,10.1546,78.7821,12207
0,1,16,256,64,100000000,8,12.3588,64.7315,6103
0,1,16,256,128,100000000,8,11.3412,70.5392,3051
0,1,16,256,256,100000000,8,11.172,71.6076,1525
0,1,16,256,512,100000000,8,9.37542,85.3295,762
0,1,16,256,1024,100000000,8,12.559,63.6995,381
0,1,16,256,390625,100000000,8,11.6778,68.5063,1
0,1,16,512,32,100000000,8,11.9103,67.1689,6103
0,1,16,512,64,100000000,8,12.1834,65.663,3051
0,1,16,512,128,100000000,8,10.8633,73.6427,1525
0,1,16,512,256,100000000,8,11.9924,66.7086,762
0,1,16,512,512,100000000,8,12.0527,66.3751,381
0,1,16,512,1024,100000000,8,9.30867,85.9414,190
0,1,16,512,195312,100000000,8,12.5422,63.7846,1
0,1,16,1024,32,100000000,8,9.89632,80.8381,3051
0,1,16,1024,64,100000000,8,12.3393,64.8335,1525
0,1,16,1024,128,100000000,8,12.599,63.4971,762
0,1,16,1024,256,100000000,8,9.8192,81.473,381
0,1,16,1024,512,100000000,8,11.682,68.4817,190
0,1,16,1024,1024,100000000,8,12.2511,65.3002,95
0,1,16,1024,97656,100000000,8,9.08211,88.0852,1
0,1,16,32,32,100000000,8,43.4218,18.4239,97656
0,1,16,32,64,100000000,8,23.9049,33.4659,48828
0,1,16,32,128,100000000,8,15.041,53.1879,24414
0,1,16,32,256,100000000,8,10.9462,73.0847,12207
0,1,16,32,512,100000000,8,12.9162,61.9378,6103
0,1,16,32,1024,100000000,8,11.9538,66.9242,3051
0,1,16,32,3125000,100000000,8,12.8584,62.2161,1
0,1,16,64,32,100000000,8,22.4313,35.6645,48828
0,1,16,64,64,100000000,8,13.7843,58.0372,24414
0,1,16,64,128,100000000,8,13.2238,60.4971,12207
0,1,16,64,256,100000000,8,12.4127,64.4503,6103
0,1,16,64,512,100000000,8,11.6713,68.5444,3051
0,1,16,64,1024,100000000,8,11.5434,69.3037,1525
0,1,16,64,1562500,100000000,8,9.09946,87.9173,1
0,1,16,128,32,100000000,8,14.1511,56.5328,24414
0,1,16,128,64,100000000,8,10.3876,77.0153,12207
0,1,16,128,128,100000000,8,12.1154,66.0317,6103
0,1,16,128,256,100000000,8,12.7663,62.6648,3051
0,1,16,128,512,100000000,8,11.5844,69.0587,1525
0,1,16,128,1024,100000000,8,12.2213,65.4596,762
0,1,16,128,781250,100000000,8,11.6978,68.3892,1
0,1,16,256,32,100000000,8,9.92525,80.6025,12207
0,1,16,256,64,100000000,8,11.8544,67.4855,6103
0,1,16,256,128,100000000,8,12.2233,65.449,3051
0,1,16,256,256,100000000,8,9.89066,80.8844,1525
0,1,16,256,512,100000000,8,11.2372,71.1918,762
0,1,16,256,1024,100000000,8,12.1942,65.6047,381
0,1,16,256,390625,100000000,8,9.68038,82.6413,1
0,1,16,512,32,100000000,8,9.54202,83.8397,6103
0,1,16,512,64,100000000,8,11.8289,67.6312,3051
0,1,16,512,128,100000000,8,12.9087,61.9735,1525
0,1,16,512,256,100000000,8,9.36701,85.4061,762
0,1,16,512,512,100000000,8,9.8207,81.4605,381
0,1,16,512,1024,100000000,8,9.85261,81.1968,190
0,1,16,512,195312,100000000,8,11.5472,69.2807,1
0,1,16,1024,32,100000000,8,11.7363,68.1645,3051
0,1,16,1024,64,100000000,8,9.39363,85.1641,1525
0,1,16,1024,128,100000000,8,9.84285,81.2773,762
0,1,16,1024,256,100000000,8,12.6316,63.3333,381
0,1,16,1024,512,100000000,8,11.1787,71.5648,190
0,1,16,1024,1024,100000000,8,10.52,76.0459,95
0,1,16,1024,97656,100000000,8,12.0322,66.4885,1
0,1,16,32,32,100000000,8,41.835,19.1227,97656
0,1,16,32,64,100000000,8,24.077,33.2267,48828
0,1,16,32,128,100000000,8,14.2713,56.0566,24414
0,1,16,32,256,100000000,8,11.0741,72.2403,12207
0,1,16,32,512,100000000,8,11.0153,72.6263,6103
0,1,16,32,1024,100000000,8,13.1833,60.6827,3051
0,1,16,32,3125000,100000000,8,11.7103,68.3157,1
0,1,16,64,32,100000000,8,22.2223,35.9999,48828
0,1,16,64,64,100000000,8,12.0994,66.1189,24414
0,1,16,64,128,100000000,8,12.4814,64.0952,12207
0,1,16,64,256,100000000,8,11.8278,67.637,6103
0,1,16,64,512,100000000,8,10.75,74.4183,3051
0,1,16,64,1024,100000000,8,9.54557,83.8085,1525
0,1,16,64,1562500,100000000,8,11.8097,67.7408,1
0,1,16,128,32,100000000,8,13.9486,57.3535,24414
0,1,16,128,64,100000000,8,10.3192,77.5254,12207
0,1,16,128,128,100000000,8,12.0654,66.3051,6103
0,1,16,128,256,100000000,8,9.7951,81.6735,3051
0,1,16,128,512,100000000,8,9.95674,80.3476,1525
0,1,16,128,1024,100000000,8,12.1952,65.5998,762
0,1,16,128,781250,100000000,8,9.11926,87.7264,1
0,1,16,256,32,100000000,8,10.5505,75.8258,12207
0,1,16,256,64,100000000,8,9.65194,82.8849,6103
0,1,16,256,128,100000000,8,9.49248,84.2772,3051
0,1,16,256,256,100000000,8,11.9451,66.973,1525
0,1,16,256,512,100000000,8,12.3108,64.9838,762
0,1,16,256,1024,100000000,8,9.3481,85.5789,381
0,1,16,256,390625,100000000,8,11.4992,69.5701,1
0,1,16,512,32,100000000,8,12.7076,62.9544,6103
0,1,16,512,64,100000000,8,10.242,78.1101,3051
0,1,16,512,128,100000000,8,11.6803,68.4915,1525
0,1,16,512,256,100000000,8,12.4672,64.1682,762
0,1,16,512,512,100000000,8,11.4039,70.1516,381
0,1,16,512,1024,100000000,8,12.1155,66.031,190
0,1,16,512,195312,100000000,8,9.41994,84.9263,1
0,1,16,1024,32,100000000,8,11.2786,70.9306,3051
0,1,16,1024,64,100000000,8,11.2315,71.2283,1525
0,1,16,1024,128,100000000,8,11.7793,67.9158,762
0,1,16,1024,256,100000000,8,10.113,79.1062,381
0,1,16,1024,512,100000000,8,11.9733,66.8154,190
0,1,16,1024,1024,100000000,8,9.59363,83.3886,95
0,1,16,1024,97656,100000000,8,9.56368,83.6498,1
0,1,16,32,32,100000000,8,41.1222,19.4542,97656
0,1,16,32,64,100000000,8,23.9502,33.4026,48828
0,1,16,32,128,100000000,8,13.8731,57.6657,24414
0,1,16,32,256,100000000,8,11.2796,70.9244,12207
0,1,16,32,512,100000000,8,12.4888,64.0572,6103
0,1,16,32,1024,100000000,8,13.5587,59.0029,3051
0,1,16,32,3125000,100000000,8,11.3739,70.3363,1
0,1,16,64,32,100000000,8,24.0896,33.2094,48828
0,1,16,64,64,100000000,8,14.5945,54.8151,24414
0,1,16,64,128,100000000,8,12.36,64.7248,12207
0,1,16,64,256,100000000,8,13.5486,59.0468,6103
0,1,16,64,512,100000000,8,12.0596,66.3375,3051
0,1,16,64,1024,100000000,8,12.4864,64.0699,1525
0,1,16,64,1562500,100000000,8,11.2798,70.9232,1
0,1,16,128,32,100000000,8,12.4722,64.1425,24414
0,1,16,128,64,100000000,8,12.3249,64.9091,12207
0,1,16,128,128,100000000,8,12.1038,66.0949,6103
0,1,16,128,256,100000000,8,10.5246,76.0121,3051
0,1,16,128,512,100000000,8,12.2645,65.2287,1525
0,1,16,128,1024,100000000,8,11.1653,71.6507,762
0,1,16,128,781250,100000000,8,10.8036,74.0497,1
0,1,16,256,32,100000000,8,12.4077,64.476,12207
0,1,16,256,64,100000000,8,10.3252,77.4805,6103
0,1,16,256,128,100000000,8,11.7737,67.9481,3051
0,1,16,256,256,100000000,8,12.1263,65.9723,1525
0,1,16,256,512,100000000,8,9.42586,84.8729,762
0,1,16,256,1024,100000000,8,12.252,65.2955,381
0,1,16,256,390625,100000000,8,11.918,67.1256,1
0,1,16,512,32,100000000,8,9.95315,80.3765,6103
0,1,16,512,64,100000000,8,10.7647,74.3167,3051
0,1,16,512,128,100000000,8,11.5863,69.0469,1525
0,1,16,512,256,100000000,8,11.8005,67.7937,762
0,1,16,512,512,100000000,8,10.1717,78.6492,381
0,1,16,512,1024,100000000,8,12.24,65.3596,190
0,1,16,512,195312,100000000,8,12.2307,65.4092,1
0,1,16,1024,32,100000000,8,10.2308,78.1949,3051
0,1,16,1024,64,100000000,8,12.6217,63.3831,1525
0,1,16,1024,128,100000000,8,11.7739,67.947,762
0,1,16,1024,256,100000000,8,10.7368,74.5103,381
0,1,16,1024,512,100000000,8,9.29306,86.0858,190
0,1,16,1024,1024,100000000,8,11.9398,67.0026,95
0,1,16,1024,97656,100000000,8,9.09152,87.9941,1
0,1,16,32,32,100000000,8,42.5025,18.8224,97656
0,1,16,32,64,100000000,8,23.1825,34.5087,48828
0,1,16,32,128,100000000,8,14.689,54.4626,24414
0,1,16,32,256,100000000,8,10.8849,73.4966,12207
0,1,16,32,512,100000000,8,12.7187,62.8997,6103
0,1,16,32,1024,100000000,8,10.5661,75.7135,3051
0,1,16,32,3125000,100000000,8,13.3454,59.9459,1
0,1,16,64,32,100000000,8,22.1725,36.0807,48828
0,1,16,64,64,100000000,8,13.9502,57.3468,24414
0,1,16,64,128,100000000,8,13.6865,58.4519,12207
0,1,16,64,256,100000000,8,10.343,77.3472,6103
0,1,16,64,512,100000000,8,13.3061,60.1227,3051
0,1,16,64,1024,100000000,8,9.48134,84.3762,1525
0,1,16,64,1562500,100000000,8,10.3763,77.0989,1
0,1,16,128,32,100000000,8,14.2251,56.2387,24414
0,1,16,128,64,100000000,8,13.1148,60.9999,12207
0,1,16,128,128,100000000,8,11.4507,69.8646,6103
0,1,16,128,256,100000000,8,12.6946,63.019,3051
0,1,16,128,512,100000000,8,11.6178,68.8597,1525
0,1,16,128,1024,100000000,8,9.39626,85.1403,762
0,1,16,128,781250,100000000,8,9.6969,82.5006,1
0,1,16,256,32,100000000,8,12.4457,64.2791,12207
0,1,16,256,64,100000000,8,12.0292,66.5051,6103
0,1,16,256,128,100000000,8,10.9803,72.858,3051
0,1,16,256,256,100000000,8,11.5602,69.2028,1525
0,1,16,256,512,100000000,8,12.4726,64.1404,762
0,1,16,256,1024,100000000,8,11.1276,71.8934,381
0,1,16,256,390625,100000000,8,9.08851,88.0232,1
0,1,16,512,32,100000000,8,12.48,64.1027,6103
0,1,16,512,64,100000000,8,12.2331,65.3964,3051
0,1,16,512,128,100000000,8,11.4897,69.6276,1525
0,1,16,512,256,100000000,8,12.659,63.1961,762
0,1,16,512,512,100000000,8,9.81587,81.5007,381
0,1,16,512,1024,100000000,8,11.8034,67.7773,190
0,1,16,512,195312,100000000,8,12.189,65.6328,1
0,1,16,1024,32,100000000,8,9.89984,80.8094,3051
0,1,16,1024,64,100000000,8,11.3477,70.499,1525
0,1,16,1024,128,100000000,8,12.1648,65.7633,762
0,1,16,1024,256,100000000,8,11.2497,71.113,381
0,1,16,1024,512,100000000,8,9.50787,84.1408,190
0,1,16,1024,1024,100000000,8,11.1809,71.5506,95
0,1,16,1024,97656,100000000,8,11.7709,67.9643,1
0,1,16,32,32,100000000,8,39.4228,20.2929,97656
0,1,16,32,64,100000000,8,22.2712,35.9208,48828
0,1,16,32,128,100000000,8,14.8767,53.7754,24414
0,1,16,32,256,100000000,8,13.7007,58.3912,12207
0,1,16,32,512,100000000,8,12.5816,63.5851,6103
0,1,16,32,1024,100000000,8,10.8699,73.5976,3051
0,1,16,32,3125000,100000000,8,10.5324,75.9564,1
0,1,16,64,32,100000000,8,21.5899,37.0544,48828
0,1,16,64,64,100000000,8,11.979,66.7835,24414
0,1,16,64,128,100000000,8,13.4039,59.6842,12207
0,1,16,64,256,100000000,8,12.4729,64.1392,6103
0,1,16,64,512,100000000,8,9.75789,81.985,3051
0,1,16,64,1024,100000000,8,10.9772,72.8786,1525
0,1,16,64,1562500,100000000,8,10.9441,73.0988,1
0,1,16,128,32,100000000,8,14.1008,56.7342,24414
0,1,16,128,64,100000000,8,9.89789,80.8253,12207
0,1,16,128,128,100000000,8,9.97021,80.239,6103
0,1,16,128,256,100000000,8,11.5413,69.3162,3051
0,1,16,128,512,100000000,8,12.4084,64.4725,1525
0,1,16,128,1024,100000000,8,9.69674,82.502,762
0,1,16,128,781250,100000000,8,9.58806,83.4371,1
0,1,16,256,32,100000000,8,11.6899,68.4354,12207
0,1,16,256,64,100000000,8,12.2516,65.2973,6103
0,1,16,256,128,100000000,8,9.94019,80.4813,3051
0,1,16,256,256,100000000,8,9.94282,80.4601,1525
0,1,16,256,512,100000000,8,12.0921,66.1591,762
0,1,16,256,1024,100000000,8,9.36016,85.4686,381
0,1,16,256,390625,100000000,8,9.57914,83.5148,1
0,1,16,512,32,100000000,8,11.4029,70.1577,6103
0,1,16,512,64,100000000,8,13.2178,60.5245,3051
0,1,16,512,128,100000000,8,9.38832,85.2123,1525
0,1,16,512,256,100000000,8,10.6608,75.0415,762
0,1,16,512,512,100000000,8,11.2053,71.3949,381
0,1,16,512,1024,100000000,8,11.6395,68.7315,190
0,1,16,512,195312,100000000,8,9.84205,81.2839,1
0,1,16,1024,32,100000000,8,9.88746,80.9106,3051
0,1,16,1024,64,100000000,8,11.4321,69.9784,1525
0,1,16,1024,128,100000000,8,12.5185,63.9056,762
0,1,16,1024,256,100000000,8,9.80771,81.5685,381
0,1,16,1024,512,100000000,8,11.9825,66.7641,190
0,1,16,1024,1024,100000000,8,11.3521,70.4716,95
0,1,16,1024,97656,100000000,8,9.53722,83.8819,1
0,1,16,32,32,100000000,8,42.2973,18.9137,97656
0,1,16,32,64,100000000,8,24.0953,33.2015,48828
0,1,16,32,128,100000000,8,12.3197,64.9366,24414
0,1,16,32,256,100000000,8,13.0217,61.4358,12207
0,1,16,32,512,100000000,8,12.4368,64.3254,6103
0,1,16,32,1024,100000000,8,12.2561,65.2735,3051
0,1,16,32,3125000,100000000,8,10.2014,78.4203,1
0,1,16,64,32,100000000,8,23.5538,33.9649,48828
0,1,16,64,64,100000000,8,13.7062,58.3676,24414
0,1,16,64,128,100000000,8,12.6508,63.237,12207
0,1,16,64,256,100000000,8,9.7431,82.1094,6103
0,1,16,64,512,100000000,8,11.6995,68.3792,3051
0,1,16,64,1024,100000000,8,12.3875,64.5815,1525
0,1,16,64,1562500,100000000,8,9.45056,84.6511,1
0,1,16,128,32,100000000,8,14.1348,56.5977,24414
0,1,16,128,64,100000000,8,12.3352,64.8549,12207
0,1,16,128,128,100000000,8,9.49392,84.2645,6103
0,1,16,128,256,100000000,8,12.6882,63.0507,3051
0,1,16,128,512,100000000,8,11.7821,67.8995,1525
0,1,16,128,1024,100000000,8,10.3105,77.5911,762
0,1,16,128,781250,100000000,8,11.5588,69.2114,1
0,1,16,256,32,100000000,8,12.7572,62.7099,12207
0,1,16,256,64,100000000,8,10.0428,79.6594,6103
0,1,16,256,128,100000000,8,9.43632,84.7788,3051
0,1,16,256,256,100000000,8,12.0951,66.1423,1525
0,1,16,256,512,100000000,8,11.7399,68.1438,762
0,1,16,256,1024,100000000,8,9.6472,82.9256,381
0,1,16,256,390625,100000000,8,9.58352,83.4766,1
0,1,16,512,32,100000000,8,11.7535,68.0646,6103
0,1,16,512,64,100000000,8,12.3131,64.9714,3051
0,1,16,512,128,100000000,8,9.39158,85.1826,1525
0,1,16,512,256,100000000,8,11.9781,66.7887,762
0,1,16,512,512,100000000,8,10.1222,79.0344,381
0,1,16,512,1024,100000000,8,12.0803,66.2234,190
0,1,16,512,195312,100000000,8,11.9335,67.0383,1
0,1,16,1024,32,100000000,8,12.0213,66.5485,3051
0,1,16,1024,64,100000000,8,10.1969,78.455,1525
0,1,16,1024,128,100000000,8,11.4589,69.8147,762
0,1,16,1024,256,100000000,8,12.5459,63.7657,381
0,1,16,1024,512,100000000,8,11.1417,71.8026,190
0,1,16,1024,1024,100000000,8,9.30067,86.0153,95
0,1,16,1024,97656,100000000,8,11.4739,69.7233,1
0,1,16,32,32,100000000,8,41.6611,19.2026,97656
0,1,16,32,64,100000000,8,22.9487,34.8604,48828
0,1,16,32,128,100000000,8,14.9006,53.6891,24414
0,1,16,32,256,100000000,8,12.4222,64.401,12207
0,1,16,32,512,100000000,8,10.6901,74.8353,6103
0,1,16,32,1024,100000000,8,11.8857,67.3078,3051
0,1,16,32,3125000,100000000,8,12.3098,64.9887,1
0,1,16,64,32,100000000,8,24.4426,32.7297,48828
0,1,16,64,64,100000000,8,14.5664,54.9209,24414
0,1,16,64,128,100000000,8,11.1179,71.9559,12207
0,1,16,64,256,100000000,8,12.6635,63.1739,6103
0,1,16,64,512,100000000,8,12.3746,64.6484,3051
0,1,16,64,1024,100000000,8,9.52963,83.9487,1525
0,1,16,64,1562500,100000000,8,11.1293,71.8823,1
0,1,16,128,32,100000000,8,13.8811,57.6324,24414
0,1,16,128,64,100000000,8,10.2117,78.3414,12207
0,1,16,128,128,100000000,8,12.0853,66.1959,6103
0,1,16,128,256,100000000,8,12.5109,63.9442,3051
0,1,16,128,512,100000000,8,10.754,74.3913,1525
0,1,16,128,1024,100000000,8,10.4521,76.5394,762
0,1,16,128,781250,100000000,8,11.0205,72.5917,1
0,1,16,256,32,100000000,8,12.1766,65.6996,12207
0,1,16,256,64,100000000,8,11.7691,67.9749,6103
0,1,16,256,128,100000000,8,11.4316,69.9812,3051
0,1,16,256,256,100000000,8,9.4025,85.0838,1525
0,1,16,256,512,100000000,8,12.3612,64.7189,762
0,1,16,256,1024,100000000,8,12.3621,64.7137,381
0,1,16,256,390625,100000000,8,9.10675,87.8469,1
0,1,16,512,32,100000000,8,12.3028,65.0261,6103
0,1,16,512,64,100000000,8,10.8998,73.3958,3051
0,1,16,512,128,100000000,8,9.42963,84.8389,1525
0,1,16,512,256,100000000,8,12.4688,64.1601,762
0,1,16,512,512,100000000,8,12.1967,65.5917,381
0,1,16,512,1024,100000000,8,10.5858,75.5732,190
0,1,16,512,195312,100000000,8,9.10026,87.9096,1
0,1,16,1024,32,100000000,8,11.8324,67.6109,3051
0,1,16,1024,64,100000000,8,11.6731,68.5335,1525
0,1,16,1024,128,100000000,8,12.3546,64.7531,762
0,1,16,1024,256,100000000,8,10.1349,78.9348,381
0,1,16,1024,512,100000000,8,11.714,68.2946,190
0,1,16,1024,1024,100000000,8,12.1192,66.011,95
0,1,16,1024,97656,100000000,8,11.7113,68.3099,1
0,1,16,32,32,100000000,8,39.921,20.0396,97656
0,1,16,32,64,100000000,8,21.7888,36.7161,48828
0,1,16,32,128,100000000,8,13.9412,57.3839,24414
0,1,16,32,256,100000000,8,13.2025,60.5947,12207
0,1,16,32,512,100000000,8,12.6774,63.1042,6103
0,1,16,32,1024,100000000,8,10.0268,79.7858,3051
0,1,16,32,3125000,100000000,8,12.4885,64.059,1
0,1,16,64,32,100000000,8,25.232,31.7057,48828
0,1,16,64,64,100000000,8,12.2227,65.4522,24414
0,1,16,64,128,100000000,8,12.4501,64.2566,12207
0,1,16,64,256,100000000,8,12.7934,62.5322,6103
0,1,16,64,512,100000000,8,9.73331,82.192,3051
0,1,16,64,1024,100000000,8,10.0315,79.7486,1525
0,1,16,64,1562500,100000000,8,11.0544,72.3694,1
0,1,16,128,32,100000000,8,14.0418,56.9728,24414
0,1,16,128,64,100000000,8,11.3392,70.5517,12207
0,1,16,128,128,100000000,8,9.7272,82.2436,6103
0,1,16,128,256,100000000,8,11.3986,70.1843,3051
0,1,16,128,512,100000000,8,12.2109,65.5152,1525
0,1,16,128,1024,100000000,8,12.5886,63.5495,762
0,1,16,128,781250,100000000,8,9.43088,84.8277,1
0,1,16,256,32,100000000,8,10.2944,77.7124,12207
0,1,16,256,64,100000000,8,11.6139,68.883,6103
0,1,16,256,128,100000000,8,12.5078,63.9599,3051
0,1,16,256,256,100000000,8,10.2359,78.1565,1525
0,1,16,256,512,100000000,8,9.90666,80.7538,762
0,1,16,256,1024,100000000,8,11.9588,66.8964,381
0,1,16,256,390625,100000000,8,12.0506,66.3868,1
0,1,16,512,32,100000000,8,12.6139,63.4222,6103
0,1,16,512,64,100000000,8,10.0618,79.509,3051
0,1,16,512,128,100000000,8,9.4056,85.0557,1525
0,1,16,512,256,100000000,8,11.8777,67.3529,762
0,1,16,512,512,100000000,8,13.2812,60.2353,381
0,1,16,512,1024,100000000,8,9.62221,83.141,190
0,1,16,512,195312,100000000,8,9.58352,83.4766,1
0,1,16,1024,32,100000000,8,9.66906,82.7382,3051
0,1,16,1024,64,100000000,8,11.2853,70.8884,1525
0,1,16,1024,128,100000000,8,12.5892,63.5465,762
0,1,16,1024,256,100000000,8,9.69283,82.5352,381
0,1,16,1024,512,100000000,8,9.80474,81.5932,190
0,1,16,1024,1024,100000000,8,9.30922,85.9363,95
0,1,16,1024,97656,100000000,8,12.3233,64.9175,1
0,1,16,32,32,100000000,8,40.1851,19.9079,97656
0,1,16,32,64,100000000,8,23.5537,33.965,48828
0,1,16,32,128,100000000,8,14.9434,53.5354,24414
0,1,16,32,256,100000000,8,12.2449,65.3335,12207
0,1,16,32,512,100000000,8,12.0693,66.2838,6103
0,1,16,32,1024,100000000,8,11.7216,68.2503,3051
0,1,16,32,3125000,100000000,8,10.7953,74.1061,1
0,1,16,64,32,100000000,8,22.0436,36.2918,48828
0,1,16,64,64,100000000,8,13.8306,57.8427,24414
0,1,16,64,128,100000000,8,13.2227,60.5021,12207
0,1,16,64,256,100000000,8,12.4871,64.0661,6103
0,1,16,64,512,100000000,8,10.8564,73.6889,3051
0,1,16,64,1024,100000000,8,9.98566,80.1149,1525
0,1,16,64,1562500,100000000,8,11.1413,71.8048,1
0,1,16,128,32,100000000,8,14.1096,56.699,24414
0,1,16,128,64,100000000,8,13.0458,61.3223,12207
0,1,16,128,128,100000000,8,9.52406,83.9978,6103
0,1,16,128,256,100000000,8,11.6504,68.6674,3051
0,1,16,128,512,100000000,8,11.2357,71.2013,1525
0,1,16,128,1024,100000000,8,12.6333,63.3245,762
0,1,16,128,781250,100000000,8,10.1566,78.7665,1
0,1,16,256,32,100000000,8,9.87254,81.0328,12207
0,1,16,256,64,100000000,8,12.4558,64.2272,6103
0,1,16,256,128,100000000,8,12.1657,65.7585,3051
0,1,16,256,256,100000000,8,9.39594,85.1432,1525
0,1,16,256,512,100000000,8,12.3381,64.8399,762
0,1,16,256,1024,100000000,8,12.4303,64.359,381
0,1,16,256,390625,100000000,8,9.11011,87.8145,1
0,1,16,512,32,100000000,8,11.7578,68.0398,6103
0,1,16,512,64,100000000,8,12.6144,63.4194,3051
0,1,16,512,128,100000000,8,11.705,68.3471,1525
0,1,16,512,256,100000000,8,10.8639,73.6384,762
0,1,16,512,512,100000000,8,9.96582,80.2743,381
0,1,16,512,1024,100000000,8,11.3956,70.2028,190
0,1,16,512,195312,100000000,8,11.7077,68.331,1
0,1,16,1024,32,100000000,8,9.71626,82.3362,3051
0,1,16,1024,64,100000000,8,9.92518,80.603,1525
0,1,16,1024,128,100000000,8,12.0353,66.471,762
0,1,16,1024,256,100000000,8,11.3165,70.693,381
0,1,16,1024,512,100000000,8,12.0054,66.6368,190
0,1,16,1024,1024,100000000,8,12.1597,65.7912,95
0,1,16,1024,97656,100000000,8,9.39606,85.142,1
0,1,16,32,32,100000000,8,40.6033,19.7029,97656
0,1,16,32,64,100000000,8,21.641,36.9669,48828
0,1,16,32,128,100000000,8,12.3735,64.6541,24414
0,1,16,32,256,100000000,8,12.6743,63.12,12207
0,1,16,32,512,100000000,8,12.6082,63.4506,6103
0,1,16,32,1024,100000000,8,12.7919,62.5397,3051
0,1,16,32,3125000,100000000,8,10.5344,75.9419,1
0,1,16,64,32,100000000,8,21.8409,36.6286,48828
0,1,16,64,64,100000000,8,14.1964,56.3521,24414
0,1,16,64,128,100000000,8,12.1632,65.772,12207
0,1,16,64,256,100000000,8,11.27,70.985,6103
0,1,16,64,512,100000000,8,11.1504,71.7461,3051
0,1,16,64,1024,100000000,8,10.9046,73.3637,1525
0,1,16,64,1562500,100000000,8,11.5038,69.542,1
0,1,16,128,32,100000000,8,13.9392,57.392,24414
0,1,16,128,64,100000000,8,10.1425,78.8763,12207
0,1,16,128,128,100000000,8,10.0287,79.7708,6103
0,1,16,128,256,100000000,8,12.9795,61.6357,3051
0,1,16,128,512,100000000,8,11.5434,69.3037,1525
0,1,16,128,1024,100000000,8,9.70982,82.3908,762
0,1,16,128,781250,100000000,8,9.10221,87.8908,1
0,1,16,256,32,100000000,8,12.4148,64.4393,12207
0,1,16,256,64,100000000,8,12.6711,63.1356,6103
0,1,16,256,128,100000000,8,11.9993,66.6708,3051
0,1,16,256,256,100000000,8,9.39926,85.113,1525
0,1,16,256,512,100000000,8,12.0166,66.5745,762
0,1,16,256,1024,100000000,8,12.4527,64.2432,381
0,1,16,256,390625,100000000,8,9.17437,87.1995,1
0,1,16,512,32,100000000,8,9.98624,80.1102,6103
0,1,16,512,64,100000000,8,12.0318,66.4902,3051
0,1,16,512,128,100000000,8,12.7389,62.7997,1525
0,1,16,512,256,100000000,8,9.95773,80.3396,762
0,1,16,512,512,100000000,8,9.83126,81.3731,381
0,1,16,512,1024,100000000,8,12.2841,65.125,190
0,1,16,512,195312,100000000,8,12.0719,66.2696,1
0,1,16,1024,32,100000000,8,9.93885,80.4922,3051
0,1,16,1024,64,100000000,8,12.162,65.7789,1525
0,1,16,1024,128,100000000,8,12.4916,64.0428,762
0,1,16,1024,256,100000000,8,10.1209,79.0444,381
0,1,16,1024,512,100000000,8,12.1371,65.9135,190
0,1,16,1024,1024,100000000,8,12.3882,64.5776,95
0,1,16,1024,97656,100000000,8,9.83386,81.3516,1
0,1,16,32,32,100000000,8,39.8986,20.0508,97656
0,1,16,32,64,100000000,8,21.5504,37.1223,48828
0,1,16,32,128,100000000,8,14.0702,56.8577,24414
0,1,16,32,256,100000000,8,12.4342,64.3385,12207
0,1,16,32,512,100000000,8,12.4479,64.268,6103
0,1,16,32,1024,100000000,8,12.8049,62.4759,3051
0,1,16,32,3125000,100000000,8,10.5493,75.8343,1
0,1,16,64,32,100000000,8,21.8194,36.6647,48828
0,1,16,64,64,100000000,8,14.1631,56.4847,24414
0,1,16,64,128,100000000,8,13.5301,59.1274,12207
0,1,16,64,256,100000000,8,9.78163,81.7859,6103
0,1,16,64,512,100000000,8,12.3387,64.8367,3051
0,1,16,64,1024,100000000,8,12.0161,66.5772,1525
0,1,16,64,1562500,100000000,8,11.47,69.7475,1
0,1,16,128,32,100000000,8,13.7111,58.3467,24414
0,1,16,128,64,100000000,8,12.374,64.6516,12207
0,1,16,128,128,100000000,8,10.0746,79.4077,6103
0,1,16,128,256,100000000,8,9.48646,84.3307,3051
0,1,16,128,512,100000000,8,12.0963,66.136,1525
0,1,16,128,1024,100000000,8,11.5642,69.1791,762
0,1,16,128,781250,100000000,8,12.141,65.8923,1
0,1,16,256,32,100000000,8,10.5365,75.9267,12207
0,1,16,256,64,100000000,8,11.3752,70.3284,6103
0,1,16,256,128,100000000,8,11.7674,67.9845,3051
0,1,16,256,256,100000000,8,12.4435,64.2908,1525
0,1,16,256,512,100000000,8,10.1708,78.6564,762
0,1,16,256,1024,100000000,8,11.3229,70.6534,381
0,1,16,256,390625,100000000,8,12.0463,66.4106,1
0,1,16,512,32,100000000,8,11.1047,72.0415,6103
0,1,16,512,64,100000000,8,9.5608,83.675,3051
0,1,16,512,128,100000000,8,9.3943,85.158,1525
0,1,16,512,256,100000000,8,12.1673,65.7499,762
0,1,16,512,512,100000000,8,12.0332,66.4825,381
0,1,16,512,1024,100000000,8,9.8575,81.1564,190
0,1,16,512,195312,100000000,8,9.11232,87.7932,1
0,1,16,1024,32,100000000,8,9.96166,80.3079,3051
0,1,16,1024,64,100000000,8,11.9589,66.8957,1525
0,1,16,1024,128,100000000,8,11.6845,68.4665,762
0,1,16,1024,256,100000000,8,12.6104,63.4395,381
0,1,16,1024,512,100000000,8,9.78141,81.7878,190
0,1,16,1024,1024,100000000,8,11.514,69.4807,95
0,1,16,1024,97656,100000000,8,11.9876,66.7354,1
0,1,16,32,32,100000000,8,40.987,19.5184,97656
0,1,16,32,64,100000000,8,23.7433,33.6938,48828
0,1,16,32,128,100000000,8,14.123,56.6453,24414
0,1,16,32,256,100000000,8,12.5761,63.6129,12207
0,1,16,32,512,100000000,8,12.0267,66.5187,6103
0,1,16,32,1024,100000000,8,10.0516,79.5894,3051
0,1,16,32,3125000,100000000,8,12.838,62.3149,1
0,1,16,64,32,100000000,8,21.7207,36.8313,48828
0,1,16,64,64,100000000,8,14.2126,56.2879,24414
0,1,16,64,128,100000000,8,13.2939,60.178,12207
0,1,16,64,256,100000000,8,9.73789,82.1533,6103
0,1,16,64,512,100000000,8,9.68688,82.5859,3051
0,1,16,64,1024,100000000,8,11.7401,68.1425,1525
0,1,16,64,1562500,100000000,8,11.9563,66.9104,1
0,1,16,128,32,100000000,8,11.6291,68.7928,24414
0,1,16,128,64,100000000,8,12.2562,65.2731,12207
0,1,16,128,128,100000000,8,12.1767,65.6991,6103
0,1,16,128,256,100000000,8,10.6928,74.8167,3051
0,1,16,128,512,100000000,8,9.9136,80.6972,1525
0,1,16,128,1024,100000000,8,12.5682,63.6526,762
0,1,16,128,781250,100000000,8,10.8712,73.5891,1
0,1,16,256,32,100000000,8,12.25,65.3062,12207
0,1,16,256,64,100000000,8,10.0242,79.8072,6103
0,1,16,256,128,100000000,8,9.97779,80.1781,3051
0,1,16,256,256,100000000,8,12.0424,66.4319,1525
0,1,16,256,512,100000000,8,12.4619,64.1957,762
0,1,16,256,1024,100000000,8,10.1388,78.9049,381
0,1,16,256,390625,100000000,8,9.58474,83.466,1
0,1,16,512,32,100000000,8,11.5226,69.429,6103
0,1,16,512,64,100000000,8,12.107,66.0776,3051
0,1,16,512,128,100000000,8,10.1762,78.6151,1525
0,1,16,512,256,100000000,8,9.37901,85.2969,762
0,1,16,512,512,100000000,8,12.4574,64.2187,381
0,1,16,512,1024,100000000,8,11.3577,70.4366,190
0,1,16,512,195312,100000000,8,11.3954,70.2038,1
0,1,16,1024,32,100000000,8,11.6836,68.472,3051
0,1,16,1024,64,100000000,8,10.2582,77.9861,1525
0,1,16,1024,128,100000000,8,9.89248,80.8695,762
0,1,16,1024,256,100000000,8,9.32771,85.7659,381
0,1,16,1024,512,100000000,8,10.0944,79.2519,190
0,1,16,1024,1024,100000000,8,9.85072,81.2123,95
0,1,16,1024,97656,100000000,8,9.10262,87.8867,1
0,1,16,32,32,100000000,8,41.4367,19.3066,97656
0,1,16,32,64,100000000,8,23.3161,34.311,48828
0,1,16,32,128,100000000,8,14.2869,55.9954,24414
0,1,16,32,256,100000000,8,13.9524,57.3377,12207
0,1,16,32,512,100000000,8,10.9727,72.9084,6103
0,1,16,32,1024,100000000,8,11.1093,72.0117,3051
0,1,16,32,3125000,100000000,8,12.3073,65.0023,1
0,1,16,64,32,100000000,8,23.9932,33.3427,48828
0,1,16,64,64,100000000,8,13.3364,59.9864,24414
0,1,16,64,128,100000000,8,10.2302,78.1995,12207
0,1,16,64,256,100000000,8,10.8573,73.6828,6103
0,1,16,64,512,100000000,8,9.69072,82.5532,3051
0,1,16,64,1024,100000000,8,12.0227,66.5407,1525
0,1,16,64,1562500,100000000,8,11.0124,72.6455,1
0,1,16,128,32,100000000,8,13.5008,59.2557,24414
0,1,16,128,64,100000000,8,11.1076,72.0224,12207
0,1,16,128,128,100000000,8,12.0973,66.1304,6103
0,1,16,128,256,100000000,8,12.3168,64.9521,3051
0,1,16,128,512,100000000,8,9.7529,82.0269,1525
0,1,16,128,1024,100000000,8,9.92944,80.5685,762
0,1,16,128,781250,100000000,8,11.7344,68.1758,1
0,1,16,256,32,100000000,8,12.4698,64.1549,12207
0,1,16,256,64,100000000,8,10.9486,73.0684,6103
0,1,16,256,128,100000000,8,9.93472,80.5257,3051
0,1,16,256,256,100000000,8,11.8959,67.2499,1525
0,1,16,256,512,100000000,8,12.631,63.336,762
0,1,16,256,1024,100000000,8,10.1489,78.8266,381
0,1,16,256,390625,100000000,8,9.11514,87.7661,1
0,1,16,512,32,100000000,8,12.0097,66.6128,6103
0,1,16,512,64,100000000,8,12.9755,61.6549,3051
0,1,16,512,128,100000000,8,10.7358,74.5168,1525
0,1,16,512,256,100000000,8,9.3441,85.6156,762
0,1,16,512,512,100000000,8,11.8525,67.4962,381
0,1,16,512,1024,100000000,8,12.0447,66.4192,190
0,1,16,512,195312,100000000,8,12.1067,66.079,1
0,1,16,1024,32,100000000,8,10.8609,73.6587,3051
0,1,16,1024,64,100000000,8,9.87888,80.9808,1525
0,1,16,1024,128,100000000,8,11.7134,68.2978,762
0,1,16,1024,256,100000000,8,12.3926,64.5548,381
0,1,16,1024,512,100000000,8,12.365,64.6986,190
0,1,16,1024,1024,100000000,8,11.9075,67.1848,95
0,1,16,1024,97656,100000000,8,9.57126,83.5835,1
0,1,16,32,32,100000000,8,39.4727,20.2672,97656
0,1,16,32,64,100000000,8,21.6975,36.8706,48828
0,1,16,32,128,100000000,8,14.4465,55.3766,24414
0,1,16,32,256,100000000,8,10.9264,73.2172,12207
0,1,16,32,512,100000000,8,11.2726,70.9685,6103
0,1,16,32,1024,100000000,8,11.9613,66.8821,3051
0,1,16,32,3125000,100000000,8,11.8793,67.3441,1
0,1,16,64,32,100000000,8,23.2622,34.3905,48828
0,1,16,64,64,100000000,8,14.7469,54.2486,24414
0,1,16,64,128,100000000,8,10.9796,72.8625,12207
0,1,16,64,256,100000000,8,12.4473,64.2708,6103
0,1,16,64,512,100000000,8,12.7929,62.5345,3051
0,1,16,64,1024,100000000,8,9.98717,80.1028,1525
0,1,16,64,1562500,100000000,8,11.7387,68.1507,1
0,1,16,128,32,100000000,8,14.5521,54.9749,24414
0,1,16,128,64,100000000,8,10.3299,77.4454,12207
0,1,16,128,128,100000000,8,11.8489,67.5168,6103
0,1,16,128,256,100000000,8,12.8627,62.1954,3051
0,1,16,128,512,100000000,8,9.44426,84.7076,1525
0,1,16,128,1024,100000000,8,11.0628,72.3143,762
0,1,16,128,781250,100000000,8,11.4142,70.0879,1
0,1,16,256,32,100000000,8,12.5772,63.6072,12207
0,1,16,256,64,100000000,8,11.9802,66.7771,6103
0,1,16,256,128,100000000,8,9.44906,84.6645,3051
0,1,16,256,256,100000000,8,11.9751,66.8054,1525
0,1,16,256,512,100000000,8,11.9276,67.0712,762
0,1,16,256,1024,100000000,8,10.4016,76.9115,381
0,1,16,256,390625,100000000,8,9.11683,87.7498,1
0,1,16,512,32,100000000,8,11.9972,66.6823,6103
0,1,16,512,64,100000000,8,12.0077,66.6237,3051
0,1,16,512,128,100000000,8,10.2396,78.1284,1525
0,1,16,512,256,100000000,8,9.85702,81.1604,762
0,1,16,512,512,100000000,8,11.2419,71.1622,381
0,1,16,512,1024,100000000,8,12.4813,64.096,190
0,1,16,512,195312,100000000,8,11.4007,70.1709,1
0,1,16,1024,32,100000000,8,11.2007,71.4243,3051
0,1,16,1024,64,100000000,8,12.5198,63.8989,1525
0,1,16,1024,128,100000000,8,9.89478,80.8507,762
0,1,16,1024,256,100000000,8,9.80186,81.6172,381
0,1,16,1024,512,100000000,8,11.553,69.2463,190
0,1,16,1024,1024,100000000,8,11.4475,69.8843,95
0,1,16,1024,97656,100000000,8,12.0459,66.4127,1
0,1,16,32,32,100000000,8,40.1677,19.9165,97656
0,1,16,32,64,100000000,8,22.2628,35.9343,48828
0,1,16,32,128,100000000,8,13.6827,58.468,24414
0,1,16,32,256,100000000,8,12.3611,64.7192,12207
0,1,16,32,512,100000000,8,12.3823,64.6085,6103
0,1,16,32,1024,100000000,8,12.6002,63.4913,3051
0,1,16,32,3125000,100000000,8,10.5738,75.6588,1
0,1,16,64,32,100000000,8,21.7351,36.8069,48828
0,1,16,64,64,100000000,8,12.0222,66.5437,24414
0,1,16,64,128,100000000,8,12.4538,64.2376,12207
0,1,16,64,256,100000000,8,12.6817,63.0832,6103
0,1,16,64,512,100000000,8,10.36,77.2203,3051
0,1,16,64,1024,100000000,8,9.5423,83.8372,1525
0,1,16,64,1562500,100000000,8,10.977,72.8797,1
0,1,16,128,32,100000000,8,13.4572,59.4477,24414
0,1,16,128,64,100000000,8,11.3792,70.3039,12207
0,1,16,128,128,100000000,8,10.6772,74.9261,6103
0,1,16,128,256,100000000,8,9.50589,84.1584,3051
0,1,16,128,512,100000000,8,10.2258,78.2336,1525
0,1,16,128,1024,100000000,8,11.2632,71.0276,762
0,1,16,128,781250,100000000,8,11.7359,68.1669,1
0,1,16,256,32,100000000,8,11.6135,68.8855,12207
0,1,16,256,64,100000000,8,9.5071,84.1476,6103
0,1,16,256,128,100000000,8,9.45238,84.6347,3051
0,1,16,256,256,100000000,8,11.7653,67.9963,1525
0,1,16,256,512,100000000,8,12.3518,64.7678,762
0,1,16,256,1024,100000000,8,10.6456,75.1482,381
0,1,16,256,390625,100000000,8,9.12186,87.7015,1
0,1,16,512,32,100000000,8,11.1357,71.8407,6103
0,1,16,512,64,100000000,8,9.92515,80.6033,3051
0,1,16,512,128,100000000,8,9.70054,82.4696,1525
0,1,16,512,256,100000000,8,9.8488,81.2282,762
0,1,16,512,512,100000000,8,11.3638,70.3989,381
0,1,16,512,1024,100000000,8,9.6168,83.1878,190
0,1,16,512,195312,100000000,8,9.56749,83.6165,1
0,1,16,1024,32,100000000,8,11.4583,69.8182,3051
0,1,16,1024,64,100000000,8,12.4075,64.4774,1525
0,1,16,1024,128,100000000,8,10.1786,78.5963,762
0,1,16,1024,256,100000000,8,10.155,78.7786,381
0,1,16,1024,512,100000000,8,9.30554,85.9703,190
0,1,16,1024,1024,100000000,8,12.2353,65.3844,95
0,1,16,1024,97656,100000000,8,10.8476,73.7487,1
0,1,16,32,32,100000000,8,40.1528,19.9239,97656
0,1,16,32,64,100000000,8,23.1304,34.5866,48828
0,1,16,32,128,100000000,8,14.2351,56.1992,24414
0,1,16,32,256,100000000,8,11.4373,69.9467,12207
0,1,16,32,512,100000000,8,10.2643,77.9404,6103
0,1,16,32,1024,100000000,8,11.0164,72.6193,3051
0,1,16,32,3125000,100000000,8,12.0216,66.5471,1
0,1,16,64,32,100000000,8,22.8126,35.0683,48828
0,1,16,64,64,100000000,8,13.4226,59.6012,24414
0,1,16,64,128,100000000,8,13.1451,60.8594,12207
0,1,16,64,256,100000000,8,12.2309,65.408,6103
0,1,16,64,512,100000000,8,10.134,78.9418,3051
0,1,16,64,1024,100000000,8,12.0333,66.4823,1525
0,1,16,64,1562500,100000000,8,12.1121,66.0499,1
0,1,16,128,32,100000000,8,14.0766,56.8319,24414
0,1,16,128,64,100000000,8,10.3409,77.3625,12207
0,1,16,128,128,100000000,8,12.581,63.588,6103
0,1,16,128,256,100000000,8,11.6387,68.7363,3051
0,1,16,128,512,100000000,8,10.7635,74.3253,1525
0,1,16,128,1024,100000000,8,9.90467,80.77,762
0,1,16,128,781250,100000000,8,11.6434,68.7083,1
0,1,16,256,32,100000000,8,12.554,63.7245,12207
0,1,16,256,64,100000000,8,10.3027,77.6496,6103
0,1,16,256,128,100000000,8,11.428,70.0035,3051
0,1,16,256,256,100000000,8,12.9573,61.7412,1525
0,1,16,256,512,100000000,8,10.8693,73.6015,762
0,1,16,256,1024,100000000,8,9.36515,85.4231,381
0,1,16,256,390625,100000000,8,11.3814,70.2901,1
0,1,16,512,32,100000000,8,12.2358,65.3817,6103
0,1,16,512,64,100000000,8,10.5882,75.5561,3051
0,1,16,512,128,100000000,8,10.3257,77.4766,1525
0,1,16,512,256,100000000,8,9.8703,81.0512,762
0,1,16,512,512,100000000,8,10.5685,75.6963,381
0,1,16,512,1024,100000000,8,11.1328,71.8595,190
0,1,16,512,195312,100000000,8,11.3779,70.312,1
0,1,16,1024,32,100000000,8,11.3282,70.6205,3051
0,1,16,1024,64,100000000,8,9.38301,85.2605,1525
0,1,16,1024,128,100000000,8,9.892,80.8734,762
0,1,16,1024,256,100000000,8,12.3351,64.8557,381
0,1,16,1024,512,100000000,8,11.5025,69.5499,190
0,1,16,1024,1024,100000000,8,10.1284,78.9855,95
0,1,16,1024,97656,100000000,8,11.0332,72.5081,1
0,1,16,32,32,100000000,8,41.9196,19.0842,97656
0,1,16,32,64,100000000,8,20.9619,38.1644,48828
0,1,16,32,128,100000000,8,14.8805,53.7617,24414
0,1,16,32,256,100000000,8,11.3473,70.5012,12207
0,1,16,32,512,100000000,8,12.4867,64.0681,6103
0,1,16,32,1024,100000000,8,12.8151,62.4262,3051
0,1,16,32,3125000,100000000,8,12.1556,65.8134,1
0,1,16,64,32,100000000,8,21.9011,36.5279,48828
0,1,16,64,64,100000000,8,14.7052,54.4027,24414
0,1,16,64,128,100000000,8,12.7215,62.8855,12207
0,1,16,64,256,100000000,8,11.6879,68.4468,6103
0,1,16,64,512,100000000,8,11.0793,72.207,3051
0,1,16,64,1024,100000000,8,9.9913,80.0697,1525
0,1,16,64,1562500,100000000,8,11.8251,67.6528,1
0,1,16,128,32,100000000,8,14.101,56.7337,24414
0,1,16,128,64,100000000,8,9.90646,80.7554,12207
0,1,16,128,128,100000000,8,12.3441,64.8085,6103
0,1,16,128,256,100000000,8,12.6376,63.3033,3051
0,1,16,128,512,100000000,8,10.5054,76.151,1525
0,1,16,128,1024,100000000,8,9.89219,80.8719,762
0,1,16,128,781250,100000000,8,11.8041,67.7733,1
0,1,16,256,32,100000000,8,13.0668,61.2239,12207
0,1,16,256,64,100000000,8,10.2954,77.7047,6103
0,1,16,256,128,100000000,8,11.8234,67.6627,3051
0,1,16,256,256,100000000,8,11.2415,71.1651,1525
0,1,16,256,512,100000000,8,9.98813,80.0951,762
0,1,16,256,1024,100000000,8,11.4853,69.6542,381
0,1,16,256,390625,100000000,8,11.8366,67.5869,1
0,1,16,512,32,100000000,8,9.7871,81.7402,6103
0,1,16,512,64,100000000,8,12.0189,66.5618,3051
0,1,16,512,128,100000000,8,11.7178,68.2724,1525
0,1,16,512,256,100000000,8,11.6453,68.6974,762
0,1,16,512,512,100000000,8,10.5918,75.5301,381
0,1,16,512,1024,100000000,8,9.30998,85.9293,190
0,1,16,512,195312,100000000,8,11.4757,69.7126,1
0,1,16,1024,32,100000000,8,12.6281,63.3506,3051
0,1,16,1024,64,100000000,8,12.6327,63.3275,1525
0,1,16,1024,128,100000000,8,9.70541,82.4283,762
0,1,16,1024,256,100000000,8,9.85936,81.1412,381
0,1,16,1024,512,100000000,8,11.4115,70.1048,190
0,1,16,1024,1024,100000000,8,12.1904,65.6252,95
0,1,16,1024,97656,100000000,8,11.7998,67.7975,1
0,1,16,32,32,100000000,8,39.9502,20.0249,97656
0,1,16,32,64,100000000,8,21.2736,37.6054,48828
0,1,16,32,128,100000000,8,13.0013,61.5324,24414
0,1,16,32,256,100000000,8,12.3724,64.6601,12207
0,1,16,32,512,100000000,8,12.2287,65.4198,6103
0,1,16,32,1024,100000000,8,13.0611,61.2508,3051
0,1,16,32,3125000,100000000,8,10.7848,74.1785,1
0,1,16,64,32,100000000,8,21.6865,36.8894,48828
0,1,16,64,64,100000000,8,14.0293,57.0233,24414
0,1,16,64,128,100000000,8,12.2722,65.1879,12207
0,1,16,64,256,100000000,8,10.5641,75.7284,6103
0,1,16,64,512,100000000,8,9.7976,81.6526,3051
0,1,16,64,1024,100000000,8,10.0282,79.7754,1525
0,1,16,64,1562500,100000000,8,11.4023,70.1611,1
0,1,16,128,32,100000000,8,14.191,56.3736,24414
0,1,16,128,64,100000000,8,11.4397,69.9316,12207
0,1,16,128,128,100000000,8,9.52826,83.9608,6103
0,1,16,128,256,100000000,8,10.0109,79.9128,3051
0,1,16,128,512,100000000,8,11.8654,67.4229,1525
0,1,16,128,1024,100000000,8,11.9948,66.6955,762
0,1,16,128,781250,100000000,8,12.1214,65.9989,1
0,1,16,256,32,100000000,8,10.546,75.8583,12207
0,1,16,256,64,100000000,8,9.51696,84.0605,6103
0,1,16,256,128,100000000,8,11.7411,68.1366,3051
0,1,16,256,256,100000000,8,12.1772,65.6965,1525
0,1,16,256,512,100000000,8,9.95635,80.3507,762
0,1,16,256,1024,100000000,8,9.3481,85.5789,381
0,1,16,256,390625,100000000,8,11.4905,69.6228,1
0,1,16,512,32,100000000,8,12.0973,66.1302,6103
0,1,16,512,64,100000000,8,9.42269,84.9015,3051
0,1,16,512,128,100000000,8,9.92806,80.5797,1525
0,1,16,512,256,100000000,8,11.2809,70.9164,762
0,1,16,512,512,100000000,8,11.2213,71.2929,381
0,1,16,512,1024,100000000,8,11.6179,68.8593,190
0,1,16,512,195312,100000000,8,11.8158,67.7061,1
0,1,16,1024,32,100000000,8,13.0691,61.213,3051
0,1,16,1024,64,100000000,8,9.38646,85.2291,1525
0,1,16,1024,128,100000000,8,9.86285,81.1125,762
0,1,16,1024,256,100000000,8,9.83418,81.349,381
0,1,16,1024,512,100000000,8,12.6259,63.3617,190
0,1,16,1024,1024,100000000,8,9.77811,81.8154,95
0,1,16,1024,97656,100000000,8,11.1718,71.6086,1
0,1,16,32,32,100000000,8,41.6335,19.2153,97656
0,1,16,32,64,100000000,8,23.0244,34.7458,48828
0,1,16,32,128,100000000,8,14.8057,54.0333,24414
0,1,16,32,256,100000000,8,11.4038,70.1522,12207
0,1,16,32,512,100000000,8,10.2595,77.9766,6103
0,1,16,32,1024,100000000,8,12.4552,64.23,3051
0,1,16,32,3125000,100000000,8,12.8128,62.4374,1
0,1,16,64,32,100000000,8,22.0088,36.3491,48828
0,1,16,64,64,100000000,8,12.3301,64.8816,24414
0,1,16,64,128,100000000,8,12.2807,65.143,12207
0,1,16,64,256,100000000,8,13.0065,61.5077,6103
0,1,16,64,512,100000000,8,10.4696,76.4119,3051
0,1,16,64,1024,100000000,8,9.53568,83.8954,1525
0,1,16,64,1562500,100000000,8,11.8743,67.3724,1
0,1,16,128,32,100000000,8,13.8689,57.683,24414
0,1,16,128,64,100000000,8,11.0518,72.3866,12207
0,1,16,128,128,100000000,8,10.3551,77.2566,6103
0,1,16,128,256,100000000,8,12.2905,65.0909,3051
0,1,16,128,512,100000000,8,12.5308,63.8424,1525
0,1,16,128,1024,100000000,8,9.39021,85.1951,762
0,1,16,128,781250,100000000,8,11.8736,67.3765,1
0,1,16,256,32,100000000,8,12.2716,65.1914,12207
0,1,16,256,64,100000000,8,10.0729,79.4213,6103
0,1,16,256,128,100000000,8,11.8211,67.6757,3051
0,1,16,256,256,100000000,8,12.1844,65.658,1525
0,1,16,256,512,100000000,8,10.9484,73.0701,762
0,1,16,256,1024,100000000,8,9.35776,85.4905,381
0,1,16,256,390625,100000000,8,11.4774,69.7023,1
0,1,16,512,32,100000000,8,12.6184,63.3996,6103
0,1,16,512,64,100000000,8,9.74733,82.0738,3051
0,1,16,512,128,100000000,8,9.86861,81.0651,1525
0,1,16,512,256,100000000,8,12.1966,65.5922,762
0,1,16,512,512,100000000,8,10.8111,73.998,381
0,1,16,512,1024,100000000,8,9.31738,85.8611,190
0,1,16,512,195312,100000000,8,11.4411,69.9234,1
0,1,16,1024,32,100000000,8,11.2776,70.9371,3051
0,1,16,1024,64,100000000,8,12.1535,65.8245,1525
0,1,16,1024,128,100000000,8,11.2974,70.8125,762
0,1,16,1024,256,100000000,8,9.84784,81.2361,381
0,1,16,1024,512,100000000,8,11.9495,66.9486,190
0,1,16,1024,1024,100000000,8,12.4553,64.2299,95
0,1,16,1024,97656,100000000,8,9.92954,80.5677,1
0,1,16,32,32,100000000,8,39.4735,20.2668,97656
0,1,16,32,64,100000000,8,21.3656,37.4434,48828
0,1,16,32,128,100000000,8,14.9411,53.5437,24414
0,1,16,32,256,100000000,8,13.1866,60.6677,12207
0,1,16,32,512,100000000,8,13.154,60.8181,6103
0,1,16,32,1024,100000000,8,10.3042,77.6385,3051
0,1,16,32,3125000,100000000,8,12.5823,63.5815,1
0,1,16,64,32,100000000,8,23.4552,34.1075,48828
0,1,16,64,64,100000000,8,14.0701,56.8582,24414
0,1,16,64,128,100000000,8,12.1658,65.7583,12207
0,1,16,64,256,100000000,8,12.1368,65.9154,6103
0,1,16,64,512,100000000,8,9.69747,82.4957,3051
0,1,16,64,1024,100000000,8,11.0185,72.605,1525
0,1,16,64,1562500,100000000,8,10.9115,73.3172,1
0,1,16,128,32,100000000,8,14.2892,55.9863,24414
0,1,16,128,64,100000000,8,9.94883,80.4115,12207
0,1,16,128,128,100000000,8,9.97398,80.2087,6103
0,1,16,128,256,100000000,8,12.0767,66.2432,3051
0,1,16,128,512,100000000,8,12.167,65.7514,1525
0,1,16,128,1024,100000000,8,12.0886,66.178,762
0,1,16,128,781250,100000000,8,9.89014,80.8886,1
0,1,16,256,32,100000000,8,10.0086,79.9312,12207
0,1,16,256,64,100000000,8,12.0686,66.2877,6103
0,1,16,256,128,100000000,8,12.2495,65.3089,3051
0,1,16,256,256,100000000,8,9.39395,85.1612,1525
0,1,16,256,512,100000000,8,12.1754,65.7063,762
0,1,16,256,1024,100000000,8,10.2744,77.8637,381
0,1,16,256,390625,100000000,8,9.45491,84.6121,1
0,1,16,512,32,100000000,8,11.8684,67.406,6103
0,1,16,512,64,100000000,8,11.2915,70.8498,3051
0,1,16,512,128,100000000,8,12.0528,66.3744,1525
0,1,16,512,256,100000000,8,10.761,74.3426,762
0,1,16,512,512,100000000,8,10.4166,76.8002,381
0,1,16,512,1024,100000000,8,12.0211,66.5495,190
0,1,16,512,195312,100000000,8,12.4303,64.359,1
0,1,16,1024,32,100000000,8,12.2569,65.2694,3051
0,1,16,1024,64,100000000,8,9.37075,85.372,1525
0,1,16,1024,128,100000000,8,12.7082,62.9517,762
0,1,16,1024,256,100000000,8,11.2791,70.9274,381
0,1,16,1024,512,100000000,8,12.6204,63.3892,190
0,1,16,1024,1024,100000000,8,9.29834,86.0369,95
0,1,16,1024,97656,100000000,8,11.7677,67.9826,1
0,1,16,32,32,100000000,8,42.2575,18.9316,97656
0,1,16,32,64,100000000,8,24.1362,33.1452,48828
0,1,16,32,128,100000000,8,15.0829,53.0403,24414
0,1,16,32,256,100000000,8,12.737,62.8093,12207
0,1,16,32,512,100000000,8,12.2222,65.4546,6103
0,1,16,32,1024,100000000,8,11.1206,71.9387,3051
0,1,16,32,3125000,100000000,8,11.4447,69.9015,1
0,1,16,64,32,100000000,8,21.7688,36.7498,48828
0,1,16,64,64,100000000,8,14.5337,55.0445,24414
0,1,16,64,128,100000000,8,13.3816,59.7837,12207
0,1,16,64,256,100000000,8,9.86304,81.1109,6103
0,1,16,64,512,100000000,8,10.2232,78.2536,3051
0,1,16,64,1024,100000000,8,12.2229,65.4509,1525
0,1,16,64,1562500,100000000,8,11.4666,69.7677,1
0,1,16,128,32,100000000,8,13.9265,57.4445,24414
0,1,16,128,64,100000000,8,11.0955,72.1012,12207
0,1,16,128,128,100000000,8,9.53574,83.8949,6103
0,1,16,128,256,100000000,8,11.6625,68.5958,3051
0,1,16,128,512,100000000,8,10.0015,79.9877,1525
0,1,16,128,1024,100000000,8,12.9413,61.8174,762
0,1,16,128,781250,100000000,8,11.7738,67.9477,1
0,1,16,256,32,100000000,8,12.4815,64.0947,12207
0,1,16,256,64,100000000,8,10.9612,72.9846,6103
0,1,16,256,128,100000000,8,9.46659,84.5077,3051
0,1,16,256,256,100000000,8,10.704,74.7382,1525
0,1,16,256,512,100000000,8,11.943,66.9846,762
0,1,16,256,1024,100000000,8,9.35987,85.4713,381
0,1,16,256,390625,100000000,8,9.11642,87.7538,1
0,1,16,512,32,100000000,8,10.7963,74.0993,6103
0,1,16,512,64,100000000,8,9.44845,84.67,3051
0,1,16,512,128,100000000,8,9.41971,84.9283,1525
0,1,16,512,256,100000000,8,9.38397,85.2518,762
0,1,16,512,512,100000000,8,9.33773,85.674,381
0,1,16,512,1024,100000000,8,9.32755,85.7674,190
0,1,16,512,195312,100000000,8,9.08848,88.0235,1
0,1,16,1024,32,100000000,8,9.39315,85.1684,3051
0,1,16,1024,64,100000000,8,9.37242,85.3569,1525
0,1,16,1024,128,100000000,8,9.37603,85.3239,762
0,1,16,1024,256,100000000,8,9.32077,85.8298,381
0,1,16,1024,512,100000000,8,9.3273,85.7698,190
0,1,16,1024,1024,100000000,8,9.33389,85.7092,95
0,1,16,1024,97656,100000000,8,9.12173,87.7027,1
0,1,16,32,32,100000000,8,34.1265,23.4422,97656
0,1,16,32,64,100000000,8,19.0167,42.0682,48828
0,1,16,32,128,100000000,8,11.9721,66.822,24414
0,1,16,32,256,100000000,8,10.57,75.6858,12207
0,1,16,32,512,100000000,8,10.3328,77.4231,6103
0,1,16,32,1024,100000000,8,9.98355,80.1318,3051
0,1,16,32,3125000,100000000,8,10.1778,78.6025,1
0,1,16,64,32,100000000,8,19.0304,42.0381,48828
0,1,16,64,64,100000000,8,11.7149,68.2888,24414
0,1,16,64,128,100000000,8,10.4172,76.7959,12207
0,1,16,64,256,100000000,8,9.73837,82.1493,6103
0,1,16,64,512,100000000,8,9.66224,82.7965,3051
0,1,16,64,1024,100000000,8,9.47808,84.4053,1525
0,1,16,64,1562500,100000000,8,9.10595,87.8546,1
0,1,16,128,32,100000000,8,11.4382,69.9412,24414
0,1,16,128,64,100000000,8,9.93053,80.5597,12207
0,1,16,128,128,100000000,8,9.5321,83.927,6103
0,1,16,128,256,100000000,8,9.47293,84.4512,3051
0,1,16,128,512,100000000,8,9.4432,84.717,1525
0,1,16,128,1024,100000000,8,9.42579,84.8735,762
0,1,16,128,781250,100000000,8,9.1336,87.5887,1
0,1,16,256,32,100000000,8,9.84429,81.2654,12207
0,1,16,256,64,100000000,8,9.49258,84.2764,6103
0,1,16,256,128,100000000,8,9.46736,84.5009,3051
0,1,16,256,256,100000000,8,9.39766,85.1275,1525
0,1,16,256,512,100000000,8,9.36138,85.4575,762
0,1,16,256,1024,100000000,8,9.3416,85.6384,381
0,1,16,256,390625,100000000,8,9.09789,87.9325,1
0,1,16,512,32,100000000,8,9.45811,84.5835,6103
0,1,16,512,64,100000000,8,9.41171,85.0005,3051
0,1,16,512,128,100000000,8,9.40518,85.0595,1525
0,1,16,512,256,100000000,8,9.37421,85.3405,762
0,1,16,512,512,100000000,8,9.3559,85.5075,381
0,1,16,512,1024,100000000,8,9.32608,85.7809,190
0,1,16,512,195312,100000000,8,9.13901,87.5369,1
0,1,16,1024,32,100000000,8,9.44992,84.6568,3051
0,1,16,1024,64,100000000,8,9.37926,85.2945,1525
0,1,16,1024,128,100000000,8,9.38538,85.239,762
0,1,16,1024,256,100000000,8,9.35491,85.5166,381
0,1,16,1024,512,100000000,8,9.81254,81.5283,190
0,1,16,1024,1024,100000000,8,9.31248,85.9062,95
0,1,16,1024,97656,100000000,8,9.1223,87.6971,1
0,1,16,32,32,100000000,8,33.9753,23.5465,97656
0,1,16,32,64,100000000,8,19.0799,41.9289,48828
0,1,16,32,128,100000000,8,12.0449,66.4182,24414
0,1,16,32,256,100000000,8,10.4589,76.4896,12207
0,1,16,32,512,100000000,8,10.2015,78.4196,6103
0,1,16,32,1024,100000000,8,10.0499,79.6029,3051
0,1,16,32,3125000,100000000,8,10.1741,78.6309,1
0,1,16,64,32,100000000,8,18.9738,42.1635,48828
0,1,16,64,64,100000000,8,11.6599,68.6114,24414
0,1,16,64,128,100000000,8,10.3359,77.3999,12207
0,1,16,64,256,100000000,8,9.81174,81.5349,6103
0,1,16,64,512,100000000,8,9.75728,81.9901,3051
0,1,16,64,1024,100000000,8,9.52246,84.0119,1525
0,1,16,64,1562500,100000000,8,9.11219,87.7945,1
0,1,16,128,32,100000000,8,11.3122,70.7204,24414
0,1,16,128,64,100000000,8,9.92995,80.5643,12207
0,1,16,128,128,100000000,8,9.52154,84.0201,6103
0,1,16,128,256,100000000,8,9.49574,84.2483,3051
0,1,16,128,512,100000000,8,9.44746,84.6789,1525
0,1,16,128,1024,100000000,8,9.40326,85.0768,762
0,1,16,128,781250,100000000,8,9.10691,87.8454,1
0,1,16,256,32,100000000,8,9.8217,81.4523,12207
0,1,16,256,64,100000000,8,9.51155,84.1083,6103
0,1,16,256,128,100000000,8,9.47699,84.415,3051
0,1,16,256,256,100000000,8,9.44506,84.7004,1525
0,1,16,256,512,100000000,8,9.39302,85.1696,762
0,1,16,256,1024,100000000,8,9.35098,85.5526,381
0,1,16,256,390625,100000000,8,9.1336,87.5887,1
0,1,16,512,32,100000000,8,9.46707,84.5034,6103
0,1,16,512,64,100000000,8,9.44067,84.7397,3051
0,1,16,512,128,100000000,8,9.40746,85.0389,1525
0,1,16,512,256,100000000,8,9.37568,85.3271,762
0,1,16,512,512,100000000,8,9.3543,85.5221,381
0,1,16,512,1024,100000000,8,9.33635,85.6866,190
0,1,16,512,195312,100000000,8,9.12365,87.6842,1
0,1,16,1024,32,100000000,8,9.40742,85.0392,3051
0,1,16,1024,64,100000000,8,9.39837,85.1212,1525
0,1,16,1024,128,100000000,8,9.35776,85.4905,762
0,1,16,1024,256,100000000,8,9.33126,85.7333,381
0,1,16,1024,512,100000000,8,9.32691,85.7733,190
0,1,16,1024,1024,100000000,8,9.33808,85.6707,95
0,1,16,1024,97656,100000000,8,9.08592,88.0483,1
0,1,16,32,32,100000000,8,36.9135,21.6723,97656
0,1,16,32,64,100000000,8,18.9798,42.1501,48828
0,1,16,32,128,100000000,8,11.8835,67.3201,24414
0,1,16,32,256,100000000,8,10.5622,75.7417,12207
0,1,16,32,512,100000000,8,10.3157,77.5518,6103
0,1,16,32,1024,100000000,8,10.0024,79.9808,3051
0,1,16,32,3125000,100000000,8,10.1618,78.726,1
0,1,16,64,32,100000000,8,19.0893,41.9082,48828
0,1,16,64,64,100000000,8,11.7145,68.2913,24414
0,1,16,64,128,100000000,8,10.3427,77.3496,12207
0,1,16,64,256,100000000,8,10.2677,77.9141,6103
0,1,16,64,512,100000000,8,9.67965,82.6476,3051
0,1,16,64,1024,100000000,8,9.51034,84.119,1525
0,1,16,64,1562500,100000000,8,9.11974,87.7218,1
0,1,16,128,32,100000000,8,11.402,70.1632,24414
0,1,16,128,64,100000000,8,10.7677,74.2962,12207
0,1,16,128,128,100000000,8,9.52205,84.0155,6103
0,1,16,128,256,100000000,8,9.46922,84.4843,3051
0,1,16,128,512,100000000,8,9.44317,84.7173,1525
0,1,16,128,1024,100000000,8,9.4105,85.0115,762
0,1,16,128,781250,100000000,8,10.7691,74.2867,1
0,1,16,256,32,100000000,8,10.3196,77.522,12207
0,1,16,256,64,100000000,8,9.53306,83.9185,6103
0,1,16,256,128,100000000,8,9.45603,84.6021,3051
0,1,16,256,256,100000000,8,9.42794,84.8542,1525
0,1,16,256,512,100000000,8,9.8793,80.9774,762
0,1,16,256,1024,100000000,8,9.35987,85.4713,381
0,1,16,256,390625,100000000,8,9.12397,87.6811,1
0,1,16,512,32,100000000,8,9.44685,84.6843,6103
0,1,16,512,64,100000000,8,9.42554,84.8758,3051
0,1,16,512,128,100000000,8,9.4208,84.9185,1525
0,1,16,512,256,100000000,8,9.38221,85.2678,762
0,1,16,512,512,100000000,8,9.36298,85.4429,381
0,1,16,512,1024,100000000,8,9.34669,85.5918,190
0,1,16,512,195312,100000000,8,9.12406,87.6802,1
0,1,16,1024,32,100000000,8,9.41805,84.9433,3051
0,1,16,1024,64,100000000,8,9.41594,84.9623,1525
0,1,16,1024,128,100000000,8,9.37296,85.3519,762
0,1,16,1024,256,100000000,8,9.34662,85.5924,381
0,1,16,1024,512,100000000,8,9.32211,85.8175,190
0,1,16,1024,1024,100000000,8,9.30358,85.9884,95
0,1,16,1024,97656,100000000,8,9.08842,88.0241,1
0,1,16,32,32,100000000,8,34.1305,23.4395,97656
0,1,16,32,64,100000000,8,18.9926,42.1217,48828
0,1,16,32,128,100000000,8,12.0975,66.1295,24414
0,1,16,32,256,100000000,8,10.9378,73.1407,12207
0,1,16,32,512,100000000,8,10.2219,78.2634,6103
0,1,16,32,1024,100000000,8,10.1091,79.1367,3051
0,1,16,32,3125000,100000000,8,10.1606,78.7352,1
0,1,16,64,32,100000000,8,19.0429,42.0104,48828
0,1,16,64,64,100000000,8,11.9326,67.0434,24414
0,1,16,64,128,100000000,8,10.4079,76.8647,12207
0,1,16,64,256,100000000,8,9.75219,82.0328,6103
0,1,16,64,512,100000000,8,9.7161,82.3376,3051
0,1,16,64,1024,100000000,8,9.5384,83.8715,1525
0,1,16,64,1562500,100000000,8,9.1232,87.6885,1
0,1,16,128,32,100000000,8,11.344,70.5217,24414
0,1,16,128,64,100000000,8,9.89754,80.8282,12207
0,1,16,128,128,100000000,8,9.52362,84.0017,6103
0,1,16,128,256,100000000,8,9.47101,84.4683,3051
0,1,16,128,512,100000000,8,9.44669,84.6858,1525
0,1,16,128,1024,100000000,8,9.41024,85.0138,762
0,1,16,128,781250,100000000,8,9.12992,87.624,1
0,1,16,256,32,100000000,8,9.83619,81.3323,12207
0,1,16,256,64,100000000,8,9.49427,84.2613,6103
0,1,16,256,128,100000000,8,9.45398,84.6204,3051
0,1,16,256,256,100000000,8,9.41014,85.0146,1525
0,1,16,256,512,100000000,8,9.36902,85.3878,762
0,1,16,256,1024,100000000,8,9.37216,85.3592,381
0,1,16,256,390625,100000000,8,9.10477,87.8661,1
0,1,16,512,32,100000000,8,9.44432,84.707,6103
0,1,16,512,64,100000000,8,9.45856,84.5795,3051
0,1,16,512,128,100000000,8,9.40083,85.0988,1525
0,1,16,512,256,100000000,8,9.37917,85.2954,762
0,1,16,512,512,100000000,8,9.3535,85.5294,381
0,1,16,512,1024,100000000,8,9.34544,85.6032,190
0,1,16,512,195312,100000000,8,9.112,87.7963,1
0,1,16,1024,32,100000000,8,9.39523,85.1496,3051
0,1,16,1024,64,100000000,8,9.89699,80.8326,1525
0,1,16,1024,128,100000000,8,9.36995,85.3793,762
0,1,16,1024,256,100000000,8,9.33325,85.7151,381
0,1,16,1024,512,100000000,8,9.30653,85.9612,190
0,1,16,1024,1024,100000000,8,9.30922,85.9363,95
0,1,16,1024,97656,100000000,8,9.12384,87.6824,1
0,1,16,32,32,100000000,8,34.1147,23.4503,97656
0,1,16,32,64,100000000,8,18.8955,42.3382,48828
0,1,16,32,128,100000000,8,11.951,66.9398,24414
0,1,16,32,256,100000000,8,10.5305,75.9701,12207
0,1,16,32,512,100000000,8,10.2826,77.8014,6103
0,1,16,32,1024,100000000,8,10.0739,79.413,3051
0,1,16,32,3125000,100000000,8,10.1795,78.5894,1
0,1,16,64,32,100000000,8,18.7358,42.6991,48828
0,1,16,64,64,100000000,8,11.6401,68.7281,24414
0,1,16,64,128,100000000,8,10.3046,77.6354,12207
0,1,16,64,256,100000000,8,9.83866,81.3119,6103
0,1,16,64,512,100000000,8,9.70099,82.4658,3051
0,1,16,64,1024,100000000,8,9.4767,84.4175,1525
0,1,16,64,1562500,100000000,8,9.14163,87.5117,1
0,1,16,128,32,100000000,8,11.4039,70.1514,24414
0,1,16,128,64,100000000,8,9.91635,80.6748,12207
0,1,16,128,128,100000000,8,9.53027,83.943,6103
0,1,16,128,256,100000000,8,9.49162,84.2849,3051
0,1,16,128,512,100000000,8,9.43757,84.7676,1525
0,1,16,128,1024,100000000,8,9.40989,85.017,762
0,1,16,128,781250,100000000,8,9.12032,87.7162,1
0,1,16,256,32,100000000,8,9.8425,81.2802,12207
0,1,16,256,64,100000000,8,9.524,83.9983,6103
0,1,16,256,128,100000000,8,9.45731,84.5906,3051
0,1,16,256,256,100000000,8,9.42006,84.9251,1525
0,1,16,256,512,100000000,8,9.40976,85.0181,762
0,1,16,256,1024,100000000,8,9.37158,85.3644,381
0,1,16,256,390625,100000000,8,10.0321,79.7441,1
0,1,16,512,32,100000000,8,9.44813,84.6729,6103
0,1,16,512,64,100000000,8,9.43107,84.826,3051
0,1,16,512,128,100000000,8,9.38746,85.2201,1525
0,1,16,512,256,100000000,8,9.36621,85.4134,762
0,1,16,512,512,100000000,8,11.0602,72.3315,381
0,1,16,512,1024,100000000,8,9.30387,85.9857,190
0,1,16,512,195312,100000000,8,9.09891,87.9226,1
0,1,16,1024,32,100000000,8,9.42227,84.9052,3051
0,1,16,1024,64,100000000,8,9.39984,85.1078,1525
0,1,16,1024,128,100000000,8,9.36544,85.4204,762
0,1,16,1024,256,100000000,8,9.33725,85.6784,381
0,1,16,1024,512,100000000,8,9.30605,85.9656,190
0,1,16,1024,1024,100000000,8,9.31213,85.9095,95
0,1,16,1024,97656,100000000,8,9.11699,87.7482,1
0,1,16,32,32,100000000,8,37.1185,21.5526,97656
0,1,16,32,64,100000000,8,18.9752,42.1604,48828
0,1,16,32,128,100000000,8,11.9997,66.6684,24414
0,1,16,32,256,100000000,8,10.4115,76.838,12207
0,1,16,32,512,100000000,8,10.3157,77.5518,6103
0,1,16,32,1024,100000000,8,11.5551,69.2333,3051
0,1,16,32,3125000,100000000,8,10.1729,78.6401,1
0,1,16,64,32,100000000,8,18.8881,42.3546,48828
0,1,16,64,64,100000000,8,11.6487,68.6774,24414
0,1,16,64,128,100000000,8,10.3255,77.4783,12207
0,1,16,64,256,100000000,8,11.217,71.3206,6103
0,1,16,64,512,100000000,8,9.7743,81.8473,3051
0,1,16,64,1024,100000000,8,9.48771,84.3196,1525
0,1,16,64,1562500,100000000,8,9.13462,87.5789,1
0,1,16,128,32,100000000,8,11.3694,70.3641,24414
0,1,16,128,64,100000000,8,9.92403,80.6124,12207
0,1,16,128,128,100000000,8,9.48445,84.3486,6103
0,1,16,128,256,100000000,8,9.4759,84.4247,3051
0,1,16,128,512,100000000,8,9.44243,84.7239,1525
0,1,16,128,1024,100000000,8,9.41856,84.9387,762
0,1,16,128,781250,100000000,8,10.0333,79.7344,1
0,1,16,256,32,100000000,8,9.83469,81.3447,12207
0,1,16,256,64,100000000,8,9.5217,84.0186,6103
0,1,16,256,128,100000000,8,9.44986,84.6574,3051
0,1,16,256,256,100000000,8,9.40554,85.0563,1525
0,1,16,256,512,100000000,8,11.4046,70.1473,762
0,1,16,256,1024,100000000,8,9.38864,85.2094,381
0,1,16,256,390625,100000000,8,9.1368,87.558,1
0,1,16,512,32,100000000,8,9.47219,84.4577,6103
0,1,16,512,64,100000000,8,9.42269,84.9015,3051
0,1,16,512,128,100000000,8,9.39555,85.1467,1525
0,1,16,512,256,100000000,8,9.38166,85.2727,762
0,1,16,512,512,100000000,8,9.36192,85.4526,381
0,1,16,512,1024,100000000,8,9.34499,85.6074,190
0,1,16,512,195312,100000000,8,9.12922,87.6307,1
0,1,16,1024,32,100000000,8,9.42518,84.879,3051
0,1,16,1024,64,100000000,8,9.4104,85.0123,1525
0,1,16,1024,128,100000000,8,9.38474,85.2448,762
0,1,16,1024,256,100000000,8,9.34358,85.6202,381
0,1,16,1024,512,100000000,8,9.31786,85.8567,190
0,1,16,1024,1024,100000000,8,9.31526,85.8806,95
0,1,16,1024,97656,100000000,8,9.12314,87.6891,1
0,1,16,32,32,100000000,8,34.0845,23.4711,97656
0,1,16,32,64,100000000,8,18.9221,42.2787,48828
0,1,16,32,128,100000000,8,11.9934,66.7031,24414
0,1,16,32,256,100000000,8,10.4522,76.5392,12207
0,1,16,32,512,100000000,8,10.2406,78.1201,6103
0,1,16,32,1024,100000000,8,10.0653,79.4811,3051
0,1,16,32,3125000,100000000,8,10.1799,78.586,1
0,1,16,64,32,100000000,8,19.081,41.9265,48828
0,1,16,64,64,100000000,8,11.6267,68.8074,24414
0,1,16,64,128,100000000,8,10.3411,77.3615,12207
0,1,16,64,256,100000000,8,9.77632,81.8304,6103
0,1,16,64,512,100000000,8,9.70282,82.4503,3051
0,1,16,64,1024,100000000,8,9.49846,84.2241,1525
0,1,16,64,1562500,100000000,8,9.12109,87.7088,1
0,1,16,128,32,100000000,8,11.2911,70.8524,24414
0,1,16,128,64,100000000,8,9.92307,80.6202,12207
0,1,16,128,128,100000000,8,9.53261,83.9225,6103
0,1,16,128,256,100000000,8,9.49302,84.2724,3051
0,1,16,128,512,100000000,8,9.44525,84.6987,1525
0,1,16,128,1024,100000000,8,9.41216,84.9964,762
0,1,16,128,781250,100000000,8,9.14077,87.52,1
0,1,16,256,32,100000000,8,9.91277,80.704,12207
0,1,16,256,64,100000000,8,9.52368,84.0011,6103
0,1,16,256,128,100000000,8,9.4671,84.5031,3051
0,1,16,256,256,100000000,8,9.41974,84.928,1525
0,1,16,256,512,100000000,8,9.3985,85.12,762
0,1,16,256,1024,100000000,8,9.36189,85.4529,381
0,1,16,256,390625,100000000,8,9.12298,87.6907,1
0,1,16,512,32,100000000,8,9.4967,84.2398,6103
0,1,16,512,64,100000000,8,9.46208,84.548,3051
0,1,16,512,128,100000000,8,9.40259,85.0829,1525
0,1,16,512,256,100000000,8,9.35485,85.5172,762
0,1,16,512,512,100000000,8,9.3216,85.8222,381
0,1,16,512,1024,100000000,8,9.31264,85.9047,190
0,1,16,512,195312,100000000,8,9.60931,83.2526,1
0,1,16,1024,32,100000000,8,9.4296,84.8392,3051
0,1,16,1024,64,100000000,8,9.37203,85.3604,1525
0,1,16,1024,128,100000000,8,9.37882,85.2986,762
0,1,16,1024,256,100000000,8,9.33984,85.6546,381
0,1,16,1024,512,100000000,8,10.5661,75.714,190
0,1,16,1024,1024,100000000,8,9.33456,85.703,95
0,1,16,1024,97656,100000000,8,9.13296,87.5948,1
0,1,16,32,32,100000000,8,34.0484,23.496,97656
0,1,16,32,64,100000000,8,18.9108,42.3038,48828
0,1,16,32,128,100000000,8,11.991,66.7168,24414
0,1,16,32,256,100000000,8,10.5015,76.1798,12207
0,1,16,32,512,100000000,8,10.341,77.362,6103
0,1,16,32,1024,100000000,8,10.0865,79.314,3051
0,1,16,32,3125000,100000000,8,10.1807,78.5803,1
0,1,16,64,32,100000000,8,19.0607,41.9712,48828
0,1,16,64,64,100000000,8,11.6797,68.495,24414
0,1,16,64,128,100000000,8,10.3786,77.082,12207
0,1,16,64,256,100000000,8,9.84298,81.2762,6103
0,1,16,64,512,100000000,8,9.73696,82.1612,3051
0,1,16,64,1024,100000000,8,9.45738,84.5901,1525
0,1,16,64,1562500,100000000,8,9.0913,87.9963,1
0,1,16,128,32,100000000,8,11.2995,70.7999,24414
0,1,16,128,64,100000000,8,9.88154,80.9591,12207
0,1,16,128,128,100000000,8,9.48826,84.3148,6103
0,1,16,128,256,100000000,8,9.50026,84.2083,3051
0,1,16,128,512,100000000,8,9.45699,84.5935,1525
0,1,16,128,1024,100000000,8,9.43446,84.7955,762
0,1,16,128,781250,100000000,8,9.14314,87.4973,1
0,1,16,256,32,100000000,8,9.82918,81.3903,12207
0,1,16,256,64,100000000,8,10.8148,73.9724,6103
0,1,16,256,128,100000000,8,9.46243,84.5449,3051
0,1,16,256,256,100000000,8,9.43059,84.8303,1525
0,1,16,256,512,100000000,8,9.38259,85.2643,762
0,1,16,256,1024,100000000,8,9.34646,85.5939,381
0,1,16,256,390625,100000000,8,9.11888,87.7301,1
0,1,16,512,32,100000000,8,9.4433,84.7162,6103
0,1,16,512,64,100000000,8,9.41997,84.926,3051
0,1,16,512,128,100000000,8,9.38243,85.2657,1525
0,1,16,512,256,100000000,8,9.37376,85.3446,762
0,1,16,512,512,100000000,8,9.36768,85.4,381
0,1,16,512,1024,100000000,8,9.33981,85.6549,190
0,1,16,512,195312,100000000,8,9.13907,87.5362,1
0,1,16,1024,32,100000000,8,9.41853,84.939,3051
0,1,16,1024,64,100000000,8,9.37114,85.3685,1525
0,1,16,1024,128,100000000,8,9.3383,85.6687,762
0,1,16,1024,256,100000000,8,9.3241,85.7992,381
0,1,16,1024,512,100000000,8,9.28774,86.135,190
0,1,16,1024,1024,100000000,8,9.32422,85.798,95
0,1,16,1024,97656,100000000,8,9.08874,88.021,1
0,1,16,32,32,100000000,8,36.2177,22.0886,97656
0,1,16,32,64,100000000,8,18.9319,42.2568,48828
0,1,16,32,128,100000000,8,11.9918,66.712,24414
0,1,16,32,256,100000000,8,10.6442,75.1584,12207
0,1,16,32,512,100000000,8,10.2645,77.9384,6103
0,1,16,32,1024,100000000,8,10.648,75.1315,3051
0,1,16,32,3125000,100000000,8,10.1649,78.7022,1
0,1,16,64,32,100000000,8,18.8305,42.4843,48828
0,1,16,64,64,100000000,8,11.6111,68.8996,24414
0,1,16,64,128,100000000,8,10.3187,77.5295,12207
0,1,16,64,256,100000000,8,10.7187,74.636,6103
0,1,16,64,512,100000000,8,9.67904,82.6528,3051
0,1,16,64,1024,100000000,8,9.48435,84.3495,1525
0,1,16,64,1562500,100000000,8,9.09984,87.9136,1
0,1,16,128,32,100000000,8,11.3244,70.6436,24414
0,1,16,128,64,100000000,8,11.2438,71.1503,12207
0,1,16,128,128,100000000,8,9.5312,83.9349,6103
0,1,16,128,256,100000000,8,9.47126,84.466,3051
0,1,16,128,512,100000000,8,9.42381,84.8914,1525
0,1,16,128,1024,100000000,8,9.40502,85.0609,762
0,1,16,128,781250,100000000,8,9.14298,87.4989,1
0,1,16,256,32,100000000,8,9.87661,80.9995,12207
0,1,16,256,64,100000000,8,9.51939,84.039,6103
0,1,16,256,128,100000000,8,9.4496,84.6597,3051
0,1,16,256,256,100000000,8,9.41869,84.9375,1525
0,1,16,256,512,100000000,8,9.38973,85.1995,762
0,1,16,256,1024,100000000,8,9.34758,85.5836,381
0,1,16,256,390625,100000000,8,9.10432,87.8704,1
0,1,16,512,32,100000000,8,9.45664,84.5966,6103
0,1,16,512,64,100000000,8,9.42163,84.911,3051
0,1,16,512,128,100000000,8,9.38576,85.2355,1525
0,1,16,512,256,100000000,8,9.36061,85.4645,762
0,1,16,512,512,100000000,8,9.33421,85.7063,381
0,1,16,512,1024,100000000,8,9.31405,85.8918,190
0,1,16,512,195312,100000000,8,9.0993,87.9189,1
0,1,16,1024,32,100000000,8,9.44154,84.732,3051
0,1,16,1024,64,100000000,8,9.3776,85.3097,1525
0,1,16,1024,128,100000000,8,9.34358,85.6202,762
0,1,16,1024,256,100000000,8,9.31808,85.8546,381
0,1,16,1024,512,100000000,8,9.31162,85.9142,190
0,1,16,1024,1024,100000000,8,9.30294,85.9943,95
0,1,16,1024,97656,100000000,8,9.12538,87.6676,1
0,1,16,32,32,100000000,8,33.8591,23.6273,97656
0,1,16,32,64,100000000,8,18.9772,42.156,48828
0,1,16,32,128,100000000,8,12.02,66.5557,24414
0,1,16,32,256,100000000,8,10.4725,76.3905,12207
0,1,16,32,512,100000000,8,10.2572,77.9939,6103
0,1,16,32,1024,100000000,8,10.107,79.153,3051
0,1,16,32,3125000,100000000,8,10.1804,78.582,1
0,1,16,64,32,100000000,8,18.9543,42.2068,48828
0,1,16,64,64,100000000,8,12.0899,66.1712,24414
0,1,16,64,128,100000000,8,10.3855,77.0302,12207
0,1,16,64,256,100000000,8,9.8847,80.9331,6103
0,1,16,64,512,100000000,8,9.67226,82.7108,3051
0,1,16,64,1024,100000000,8,9.4761,84.423,1525
0,1,16,64,1562500,100000000,8,9.09142,87.995,1
0,1,16,128,32,100000000,8,11.2973,70.8135,24414
0,1,16,128,64,100000000,8,9.94656,80.4298,12207
0,1,16,128,128,100000000,8,9.52157,84.0198,6103
0,1,16,128,256,100000000,8,9.51645,84.065,3051
0,1,16,128,512,100000000,8,9.40845,85.03,1525
0,1,16,128,1024,100000000,8,9.39958,85.1102,762
0,1,16,128,781250,100000000,8,9.10515,87.8623,1
0,1,16,256,32,100000000,8,9.8464,81.248,12207
0,1,16,256,64,100000000,8,9.50013,84.2094,6103
0,1,16,256,128,100000000,8,9.45808,84.5838,3051
0,1,16,256,256,100000000,8,9.41456,84.9748,1525
0,1,16,256,512,100000000,8,9.39242,85.1751,762
0,1,16,256,1024,100000000,8,9.35568,85.5095,381
0,1,16,256,390625,100000000,8,9.11827,87.7359,1
0,1,16,512,32,100000000,8,9.52176,84.0181,6103
0,1,16,512,64,100000000,8,9.42637,84.8683,3051
0,1,16,512,128,100000000,8,9.39853,85.1197,1525
0,1,16,512,256,100000000,8,9.36922,85.386,762
0,1,16,512,512,100000000,8,9.34384,85.6179,381
0,1,16,512,1024,100000000,8,9.32755,85.7674,190
0,1,16,512,195312,100000000,8,9.12909,87.632,1
0,1,16,1024,32,100000000,8,9.42928,84.8421,3051
0,1,16,1024,64,100000000,8,9.40182,85.0899,1525
0,1,16,1024,128,100000000,8,9.3761,85.3234,762
0,1,16,1024,256,100000000,8,9.36262,85.4461,381
0,1,16,1024,512,100000000,8,10.2611,77.9644,190
0,1,16,1024,1024,100000000,8,9.30054,86.0165,95
0,1,16,1024,97656,100000000,8,9.10144,87.8982,1
0,1,16,32,32,100000000,8,34.0936,23.4648,97656
0,1,16,32,64,100000000,8,19.0805,41.9275,48828
0,1,16,32,128,100000000,8,11.98,66.7781,24414
0,1,16,32,256,100000000,8,10.5961,75.4995,12207
0,1,16,32,512,100000000,8,10.2728,77.8755,6103
0,1,16,32,1024,100000000,8,10.0391,79.6881,3051
0,1,16,32,3125000,100000000,8,10.1818,78.5716,1
0,1,16,64,32,100000000,8,19.1674,41.7375,48828
0,1,16,64,64,100000000,8,11.6697,68.5538,24414
0,1,16,64,128,100000000,8,10.4023,76.906,12207
0,1,16,64,256,100000000,8,9.8241,81.4324,6103
0,1,16,64,512,100000000,8,9.69674,82.502,3051
0,1,16,64,1024,100000000,8,9.49917,84.2179,1525
0,1,16,64,1562500,100000000,8,9.12122,87.7076,1
0,1,16,128,32,100000000,8,11.3125,70.7182,24414
0,1,16,128,64,100000000,8,9.8641,81.1022,12207
0,1,16,128,128,100000000,8,9.5017,84.1955,6103
0,1,16,128,256,100000000,8,9.99149,80.0682,3051
0,1,16,128,512,100000000,8,9.44461,84.7044,1525
0,1,16,128,1024,100000000,8,9.4127,84.9915,762
0,1,16,128,781250,100000000,8,9.12874,87.6354,1
0,1,16,256,32,100000000,8,9.82077,81.46,12207
0,1,16,256,64,100000000,8,10.8015,74.0638,6103
0,1,16,256,128,100000000,8,9.43139,84.8231,3051
0,1,16,256,256,100000000,8,9.43277,84.8107,1525
0,1,16,256,512,100000000,8,9.40182,85.0899,762
0,1,16,256,1024,100000000,8,9.37651,85.3196,381
0,1,16,256,390625,100000000,8,9.78448,81.7621,1
0,1,16,512,32,100000000,8,9.53523,83.8994,6103
0,1,16,512,64,100000000,8,9.44922,84.6631,3051
0,1,16,512,128,100000000,8,9.41485,84.9722,1525
0,1,16,512,256,100000000,8,9.34522,85.6053,762
0,1,16,512,512,100000000,8,9.36611,85.4143,381
0,1,16,512,1024,100000000,8,9.33901,85.6622,190
0,1,16,512,195312,100000000,8,9.13008,87.6225,1
0,1,16,1024,32,100000000,8,9.42819,84.8519,3051
0,1,16,1024,64,100000000,8,9.41046,85.0117,1525
0,1,16,1024,128,100000000,8,9.82288,81.4425,762
0,1,16,1024,256,100000000,8,9.33014,85.7436,381
0,1,16,1024,512,100000000,8,9.30832,85.9446,190
0,1,16,1024,1024,100000000,8,9.29872,86.0333,95
0,1,16,1024,97656,100000000,8,9.11821,87.7365,1
0,1,16,32,32,100000000,8,34.8365,22.9644,97656
0,1,16,32,64,100000000,8,18.9306,42.2596,48828
0,1,16,32,128,100000000,8,11.9804,66.776,24414
0,1,16,32,256,100000000,8,10.5554,75.7906,12207
0,1,16,32,512,100000000,8,10.2691,77.9037,6103
0,1,16,32,1024,100000000,8,10.5106,76.1137,3051
0,1,16,32,3125000,100000000,8,10.1911,78.5001,1
0,1,16,64,32,100000000,8,19.1155,41.851,48828
0,1,16,64,64,100000000,8,11.5836,69.0633,24414
0,1,16,64,128,100000000,8,10.3393,77.3749,12207
0,1,16,64,256,100000000,8,11.5217,69.434,6103
0,1,16,64,512,100000000,8,9.74451,82.0975,3051
0,1,16,64,1024,100000000,8,9.54557,83.8085,1525
0,1,16,64,1562500,100000000,8,9.14435,87.4857,1
0,1,16,128,32,100000000,8,11.3951,70.2056,24414
0,1,16,128,64,100000000,8,10.3684,77.1576,12207
0,1,16,128,128,100000000,8,9.54621,83.8029,6103
0,1,16,128,256,100000000,8,9.48842,84.3133,3051
0,1,16,128,512,100000000,8,9.4352,84.7889,1525
0,1,16,128,1024,100000000,8,9.39965,85.1096,762
0,1,16,128,781250,100000000,8,9.11872,87.7316,1
0,1,16,256,32,100000000,8,9.82403,81.433,12207
0,1,16,256,64,100000000,8,9.51114,84.1119,6103
0,1,16,256,128,100000000,8,9.48077,84.3813,3051
0,1,16,256,256,100000000,8,9.42547,84.8764,1525
0,1,16,256,512,100000000,8,9.40531,85.0583,762
0,1,16,256,1024,100000000,8,9.38173,85.2721,381
0,1,16,256,390625,100000000,8,9.12899,87.6329,1
0,1,16,512,32,100000000,8,9.51789,84.0523,6103
0,1,16,512,64,100000000,8,9.45014,84.6548,3051
0,1,16,512,128,100000000,8,9.4168,84.9546,1525
0,1,16,512,256,100000000,8,9.36682,85.4079,762
0,1,16,512,512,100000000,8,9.34672,85.5915,381
0,1,16,512,1024,100000000,8,9.33994,85.6537,190
0,1,16,512,195312,100000000,8,9.11776,87.7409,1
0,1,16,1024,32,100000000,8,9.41734,84.9496,3051
0,1,16,1024,64,100000000,8,9.39408,85.16,1525
0,1,16,1024,128,100000000,8,9.3655,85.4199,762
0,1,16,1024,256,100000000,8,9.31523,85.8808,381
0,1,16,1024,512,100000000,8,9.31542,85.8791,190
0,1,16,1024,1024,100000000,8,9.31046,85.9248,95
0,1,16,1024,97656,100000000,8,9.14413,87.4878,1
0,1,16,32,32,100000000,8,34.1445,23.4298,97656
0,1,16,32,64,100000000,8,18.9026,42.3223,48828
0,1,16,32,128,100000000,8,11.9222,67.1015,24414
0,1,16,32,256,100000000,8,10.4759,76.3655,12207
0,1,16,32,512,100000000,8,10.3087,77.6041,6103
0,1,16,32,1024,100000000,8,10.0786,79.3759,3051
0,1,16,32,3125000,100000000,8,10.1846,78.5499,1
0,1,16,64,32,100000000,8,18.9175,42.2888,48828
0,1,16,64,64,100000000,8,11.6254,68.8148,24414
0,1,16,64,128,100000000,8,10.2919,77.7308,12207
0,1,16,64,256,100000000,8,9.70035,82.4712,6103
0,1,16,64,512,100000000,8,9.6703,82.7275,3051
0,1,16,64,1024,100000000,8,9.47914,84.3959,1525
0,1,16,64,1562500,100000000,8,9.10534,87.8605,1
0,1,16,128,32,100000000,8,11.3832,70.279,24414
0,1,16,128,64,100000000,8,9.85514,81.1759,12207
0,1,16,128,128,100000000,8,9.5329,83.9199,6103
0,1,16,128,256,100000000,8,9.50378,84.1771,3051
0,1,16,128,512,100000000,8,9.41331,84.986,1525
0,1,16,128,1024,100000000,8,9.41523,84.9687,762
0,1,16,128,781250,100000000,8,9.13965,87.5307,1
0,1,16,256,32,100000000,8,9.84198,81.2844,12207
0,1,16,256,64,100000000,8,9.53283,83.9205,6103
0,1,16,256,128,100000000,8,9.46701,84.504,3051
0,1,16,256,256,100000000,8,9.4119,84.9987,1525
0,1,16,256,512,100000000,8,9.38614,85.232,762
0,1,16,256,1024,100000000,8,9.36342,85.4388,381
0,1,16,256,390625,100000000,8,9.12861,87.6366,1
0,1,16,512,32,100000000,8,9.51155,84.1083,6103
0,1,16,512,64,100000000,8,9.92746,80.5846,3051
0,1,16,512,128,100000000,8,9.40115,85.096,1525
0,1,16,512,256,100000000,8,9.35984,85.4715,762
0,1,16,512,512,100000000,8,9.34253,85.6299,381
0,1,16,512,1024,100000000,8,9.32374,85.8024,190
0,1,16,512,195312,100000000,8,9.10989,87.8167,1
0,1,16,1024,32,100000000,8,9.43971,84.7484,3051
0,1,16,1024,64,100000000,8,9.38646,85.2291,1525
0,1,16,1024,128,100000000,8,9.34358,85.6202,762
0,1,16,1024,256,100000000,8,9.32003,85.8366,381
0,1,16,1024,512,100000000,8,10.9924,72.7772,190
0,1,16,1024,1024,100000000,8,9.31296,85.9018,95
0,1,16,1024,97656,100000000,8,9.10848,87.8302,1
0,1,16,32,32,100000000,8,33.9629,23.5551,97656
0,1,16,32,64,100000000,8,18.9007,42.3265,48828
0,1,16,32,128,100000000,8,11.9396,67.0038,24414
0,1,16,32,256,100000000,8,10.4735,76.383,12207
0,1,16,32,512,100000000,8,10.2535,78.0219,6103
0,1,16,32,1024,100000000,8,10.0417,79.6678,3051
0,1,16,32,3125000,100000000,8,10.1825,78.5662,1
0,1,16,64,32,100000000,8,18.9144,42.2957,48828
0,1,16,64,64,100000000,8,11.6365,68.7493,24414
0,1,16,64,128,100000000,8,10.3163,77.5473,12207
0,1,16,64,256,100000000,8,9.70378,82.4421,6103
0,1,16,64,512,100000000,8,9.71466,82.3498,3051
0,1,16,64,1024,100000000,8,9.49338,84.2693,1525
0,1,16,64,1562500,100000000,8,9.13238,87.6003,1
0,1,16,128,32,100000000,8,11.365,70.3916,24414
0,1,16,128,64,100000000,8,9.88874,80.9001,12207
0,1,16,128,128,100000000,8,9.51888,84.0435,6103
0,1,16,128,256,100000000,8,10.4029,76.9013,3051
0,1,16,128,512,100000000,8,9.41312,84.9878,1525
0,1,16,128,1024,100000000,8,9.42109,84.9159,762
0,1,16,128,781250,100000000,8,9.1105,87.8108,1
0,1,16,256,32,100000000,8,9.84842,81.2313,12207
0,1,16,256,64,100000000,8,10.038,79.6973,6103
0,1,16,256,128,100000000,8,9.44726,84.6806,3051
0,1,16,256,256,100000000,8,9.41946,84.9306,1525
0,1,16,256,512,100000000,8,9.39216,85.1774,762
0,1,16,256,1024,100000000,8,9.36176,85.454,381
0,1,16,256,390625,100000000,8,9.59504,83.3764,1
0,1,16,512,32,100000000,8,9.50752,84.1439,6103
0,1,16,512,64,100000000,8,9.39667,85.1365,3051
0,1,16,512,128,100000000,8,9.37098,85.37,1525
0,1,16,512,256,100000000,8,9.3535,85.5294,762
0,1,16,512,512,100000000,8,11.0541,72.3715,381
0,1,16,512,1024,100000000,8,9.32576,85.7839,190
0,1,16,512,195312,100000000,8,9.10144,87.8982,1
0,1,16,1024,32,100000000,8,9.39782,85.1261,3051
0,1,16,1024,64,100000000,8,9.3967,85.1362,1525
0,1,16,1024,128,100000000,8,9.36109,85.4602,762
0,1,16,1024,256,100000000,8,9.3249,85.7918,381
0,1,16,1024,512,100000000,8,9.29814,86.0387,190
0,1,16,1024,1024,100000000,8,9.29203,86.0953,95
0,1,16,1024,97656,100000000,8,9.09626,87.9483,1
0,1,16,32,32,100000000,8,34.7364,23.0306,97656
0,1,16,32,64,100000000,8,18.9133,42.2982,48828
0,1,16,32,128,100000000,8,11.9698,66.8351,24414
0,1,16,32,256,100000000,8,10.4583,76.4942,12207
0,1,16,32,512,100000000,8,10.1357,78.9288,6103
0,1,16,32,1024,100000000,8,10.5884,75.554,3051
0,1,16,32,3125000,100000000,8,10.1784,78.5981,1
0,1,16,64,32,100000000,8,18.9596,42.195,48828
0,1,16,64,64,100000000,8,11.694,68.4112,24414
0,1,16,64,128,100000000,8,10.3987,76.9325,12207
0,1,16,64,256,100000000,8,11.3261,70.6332,6103
0,1,16,64,512,100000000,8,9.68925,82.5658,3051
0,1,16,64,1024,100000000,8,9.52589,83.9817,1525
0,1,16,64,1562500,100000000,8,9.12518,87.6695,1
0,1,16,128,32,100000000,8,11.3957,70.2016,24414
0,1,16,128,64,100000000,8,9.88003,80.9714,12207
0,1,16,128,128,100000000,8,9.50806,84.1391,6103
0,1,16,128,256,100000000,8,9.49725,84.2349,3051
0,1,16,128,512,100000000,8,9.44032,84.7429,1525
0,1,16,128,1024,100000000,8,9.41248,84.9935,762
0,1,16,128,781250,100000000,8,9.12483,87.6728,1
0,1,16,256,32,100000000,8,9.88342,80.9436,12207
0,1,16,256,64,100000000,8,9.53213,83.9267,6103
0,1,16,256,128,100000000,8,9.44765,84.6772,3051
0,1,16,256,256,100000000,8,9.42205,84.9072,1525
0,1,16,256,512,100000000,8,9.40781,85.0357,762
0,1,16,256,1024,100000000,8,9.36861,85.3915,381
0,1,16,256,390625,100000000,8,9.10381,87.8753,1
0,1,16,512,32,100000000,8,9.52346,84.0031,6103
0,1,16,512,64,100000000,8,9.42851,84.849,3051
0,1,16,512,128,100000000,8,9.38672,85.2268,1525
0,1,16,512,256,100000000,8,9.36886,85.3892,762
0,1,16,512,512,100000000,8,9.34032,85.6502,381
0,1,16,512,1024,100000000,8,9.32282,85.811,190
0,1,16,512,195312,100000000,8,9.09699,87.9412,1
0,1,16,1024,32,100000000,8,9.3944,85.1571,3051
0,1,16,1024,64,100000000,8,9.38765,85.2184,1525
0,1,16,1024,128,100000000,8,9.38166,85.2727,762
0,1,16,1024,256,100000000,8,9.33085,85.7371,381
0,1,16,1024,512,100000000,8,9.32541,85.7871,190
0,1,16,1024,1024,100000000,8,9.32352,85.8045,95
0,1,16,1024,97656,100000000,8,9.11693,87.7489,1
0,1,16,32,32,100000000,8,33.9633,23.5549,97656
0,1,16,32,64,100000000,8,18.8094,42.5319,48828
0,1,16,32,128,100000000,8,11.9174,67.1287,24414
0,1,16,32,256,100000000,8,10.5296,75.9763,12207
0,1,16,32,512,100000000,8,10.3152,77.5555,6103
0,1,16,32,1024,100000000,8,10.0387,79.6919,3051
0,1,16,32,3125000,100000000,8,10.1737,78.6339,1
0,1,16,64,32,100000000,8,18.9723,42.1667,48828
0,1,16,64,64,100000000,8,11.6942,68.4101,24414
0,1,16,64,128,100000000,8,10.3367,77.3943,12207
0,1,16,64,256,100000000,8,9.78115,81.79,6103
0,1,16,64,512,100000000,8,9.6872,82.5832,3051
0,1,16,64,1024,100000000,8,9.50566,84.1603,1525
0,1,16,64,1562500,100000000,8,9.08989,88.0099,1
0,1,16,128,32,100000000,8,11.3308,70.6043,24414
0,1,16,128,64,100000000,8,9.90822,80.741,12207
0,1,16,128,128,100000000,8,9.54435,83.8192,6103
0,1,16,128,256,100000000,8,9.52579,83.9825,3051
0,1,16,128,512,100000000,8,9.41312,84.9878,1525
0,1,16,128,1024,100000000,8,9.4241,84.8888,762
0,1,16,128,781250,100000000,8,9.14141,87.5139,1
0,1,16,256,32,100000000,8,9.83373,81.3527,12207
0,1,16,256,64,100000000,8,9.5209,84.0257,6103
0,1,16,256,128,100000000,8,9.47677,84.417,3051
0,1,16,256,256,100000000,8,9.41302,84.9886,1525
0,1,16,256,512,100000000,8,9.38669,85.2271,762
0,1,16,256,1024,100000000,8,9.3815,85.2742,381
0,1,16,256,390625,100000000,8,9.0881,88.0272,1
0,1,16,512,32,100000000,8,9.50957,84.1258,6103
0,1,16,512,64,100000000,8,9.43683,84.7742,3051
0,1,16,512,128,100000000,8,9.41088,85.008,1525
0,1,16,512,256,100000000,8,9.35219,85.5414,762
0,1,16,512,512,100000000,8,9.35165,85.5464,381
0,1,16,512,1024,100000000,8,9.34006,85.6525,190
0,1,16,512,195312,100000000,8,10.0246,79.8036,1
0,1,16,1024,32,100000000,8,9.39469,85.1545,3051
0,1,16,1024,64,100000000,8,9.37408,85.3417,1525
0,1,16,1024,128,100000000,8,9.36349,85.4382,762
0,1,16,1024,256,100000000,8,9.31187,85.9118,381
0,1,16,1024,512,100000000,8,11.3386,70.5553,190
0,1,16,1024,1024,100000000,8,9.32368,85.803,95
0,1,16,1024,97656,100000000,8,9.13514,87.574,1
0,1,16,32,32,100000000,8,34.0531,23.4927,97656
0,1,16,32,64,100000000,8,18.998,42.1097,48828
0,1,16,32,128,100000000,8,12.3855,64.5918,24414
0,1,16,32,256,100000000,8,10.4861,76.2914,12207
0,1,16,32,512,100000000,8,10.2284,78.2135,6103
0,1,16,32,1024,100000000,8,9.99517,80.0387,3051
0,1,16,32,3125000,100000000,8,10.1927,78.4878,1
0,1,16,64,32,100000000,8,19.1098,41.8633,48828
0,1,16,64,64,100000000,8,11.5868,69.0442,24414
0,1,16,64,128,100000000,8,10.3544,77.2621,12207
0,1,16,64,256,100000000,8,9.82726,81.4062,6103
0,1,16,64,512,100000000,8,9.6528,82.8775,3051
0,1,16,64,1024,100000000,8,9.52346,84.0031,1525
0,1,16,64,1562500,100000000,8,9.13322,87.5924,1
0,1,16,128,32,100000000,8,11.3918,70.2259,24414
0,1,16,128,64,100000000,8,9.90211,80.7908,12207
0,1,16,128,128,100000000,8,9.53722,83.8819,6103
0,1,16,128,256,100000000,8,9.50573,84.1598,3051
0,1,16,128,512,100000000,8,9.444,84.7099,1525
0,1,16,128,1024,100000000,8,9.41392,84.9805,762
0,1,16,128,781250,100000000,8,9.12662,87.6556,1
0,1,16,256,32,100000000,8,9.84554,81.2551,12207
0,1,16,256,64,100000000,8,9.51654,84.0641,6103
0,1,16,256,128,100000000,8,9.4265,84.8672,3051
0,1,16,256,256,100000000,8,9.41274,84.9912,1525
0,1,16,256,512,100000000,8,9.38003,85.2876,762
0,1,16,256,1024,100000000,8,9.36282,85.4444,381
0,1,16,256,390625,100000000,8,9.10291,87.884,1
0,1,16,512,32,100000000,8,9.44563,84.6952,6103
0,1,16,512,64,100000000,8,9.43514,84.7895,3051
0,1,16,512,128,100000000,8,9.37968,85.2908,1525
0,1,16,512,256,100000000,8,9.35312,85.533,762
0,1,16,512,512,100000000,8,9.33421,85.7063,381
0,1,16,512,1024,100000000,8,9.34794,85.5804,190
0,1,16,512,195312,100000000,8,9.12819,87.6406,1
0,1,16,1024,32,100000000,8,9.42032,84.9228,3051
0,1,16,1024,64,100000000,8,9.39942,85.1116,1525
0,1,16,1024,128,100000000,8,9.37094,85.3703,762
0,1,16,1024,256,100000000,8,9.34266,85.6288,381
0,1,16,1024,512,100000000,8,9.32848,85.7589,190
0,1,16,1024,1024,100000000,8,9.31766,85.8584,95
0,1,16,1024,97656,100000000,8,9.12038,87.7156,1
0,1,16,32,32,100000000,8,33.8847,23.6095,97656
0,1,16,32,64,100000000,8,18.9589,42.1964,48828
0,1,16,32,128,100000000,8,11.9445,66.9765,24414
0,1,16,32,256,100000000,8,10.508,76.1327,12207
0,1,16,32,512,100000000,8,10.3144,77.5617,6103
0,1,16,32,1024,100000000,8,10.0612,79.5133,3051
0,1,16,32,3125000,100000000,8,10.1759,78.6171,1
0,1,16,64,32,100000000,8,18.902,42.3235,48828
0,1,16,64,64,100000000,8,11.6685,68.5606,24414
0,1,16,64,128,100000000,8,10.2934,77.7194,12207
0,1,16,64,256,100000000,8,9.84048,81.2969,6103
0,1,16,64,512,100000000,8,9.64483,82.946,3051
0,1,16,64,1024,100000000,8,9.5128,84.0972,1525
0,1,16,64,1562500,100000000,8,9.13296,87.5948,1
0,1,16,128,32,100000000,8,11.3356,70.574,24414
0,1,16,128,64,100000000,8,9.89021,80.8881,12207
0,1,16,128,128,100000000,8,9.5321,83.927,6103
0,1,16,128,256,100000000,8,9.47603,84.4235,3051
0,1,16,128,512,100000000,8,9.43549,84.7863,1525
0,1,16,128,1024,100000000,8,9.40371,85.0728,762
0,1,16,128,781250,100000000,8,9.12026,87.7168,1
0,1,16,256,32,100000000,8,9.79776,81.6513,12207
0,1,16,256,64,100000000,8,9.50336,84.1808,6103
0,1,16,256,128,100000000,8,9.43478,84.7926,3051
0,1,16,256,256,100000000,8,9.43056,84.8306,1525
0,1,16,256,512,100000000,8,9.40208,85.0876,762
0,1,16,256,1024,100000000,8,9.37021,85.377,381
0,1,16,256,390625,100000000,8,9.09664,87.9446,1
0,1,16,512,32,100000000,8,9.42928,84.8421,6103
0,1,16,512,64,100000000,8,9.42928,84.8421,3051
0,1,16,512,128,100000000,8,9.41814,84.9424,1525
0,1,16,512,256,100000000,8,9.3951,85.1507,762
0,1,16,512,512,100000000,8,9.37328,85.349,381
0,1,16,512,1024,100000000,8,9.34534,85.6041,190
0,1,16,512,195312,100000000,8,9.13133,87.6105,1
0,1,16,1024,32,100000000,8,9.43251,84.813,3051
0,1,16,1024,64,100000000,8,9.41408,84.9791,1525
0,1,16,1024,128,100000000,8,9.36534,85.4213,762
0,1,16,1024,256,100000000,8,9.32234,85.8154,381
0,1,16,1024,512,100000000,8,9.32349,85.8048,190
0,1,16,1024,1024,100000000,8,9.28925,86.1211,95
0,1,16,1024,97656,100000000,8,9.13248,87.5994,1
0,1,16,32,32,100000000,8,34.1611,23.4184,97656
0,1,16,32,64,100000000,8,19.1213,41.8381,48828
0,1,16,32,128,100000000,8,12.0031,66.6493,24414
0,1,16,32,256,100000000,8,10.5047,76.1561,12207
0,1,16,32,512,100000000,8,10.2975,77.6887,6103
0,1,16,32,1024,100000000,8,10.0467,79.6282,3051
0,1,16,32,3125000,100000000,8,10.1775,78.6045,1
0,1,16,64,32,100000000,8,18.9765,42.1573,48828
0,1,16,64,64,100000000,8,11.6593,68.615,24414
0,1,16,64,128,100000000,8,10.3197,77.5213,12207
0,1,16,64,256,100000000,8,9.75686,81.9936,6103
0,1,16,64,512,100000000,8,9.63296,83.0482,3051
0,1,16,64,1024,100000000,8,9.49386,84.265,1525
0,1,16,64,1562500,100000000,8,9.11322,87.7846,1
0,1,16,128,32,100000000,8,11.3408,70.542,24414
0,1,16,128,64,100000000,8,9.93594,80.5158,12207
0,1,16,128,128,100000000,8,9.52256,84.011,6103
0,1,16,128,256,100000000,8,9.51782,84.0528,3051
0,1,16,128,512,100000000,8,9.44112,84.7357,1525
0,1,16,128,1024,100000000,8,9.39834,85.1214,762
0,1,16,128,781250,100000000,8,9.11453,87.772,1
0,1,16,256,32,100000000,8,9.80688,81.5754,12207
0,1,16,256,64,100000000,8,9.49578,84.248,6103
0,1,16,256,128,100000000,8,9.4632,84.538,3051
0,1,16,256,256,100000000,8,9.39622,85.1406,1525
0,1,16,256,512,100000000,8,9.37245,85.3566,762
0,1,16,256,1024,100000000,8,9.33946,85.6581,381
0,1,16,256,390625,100000000,8,9.08944,88.0142,1
0,1,16,512,32,100000000,8,9.42518,84.879,6103
0,1,16,512,64,100000000,8,9.91491,80.6865,3051
0,1,16,512,128,100000000,8,9.38342,85.2567,1525
0,1,16,512,256,100000000,8,9.36003,85.4698,762
0,1,16,512,512,100000000,8,9.33613,85.6886,381
0,1,16,512,1024,100000000,8,9.31629,85.8711,190
0,1,16,512,195312,100000000,8,10.0303,79.758,1
0,1,16,1024,32,100000000,8,9.42442,84.8859,3051
0,1,16,1024,64,100000000,8,9.4167,84.9554,1525
0,1,16,1024,128,100000000,8,9.38202,85.2695,762
0,1,16,1024,256,100000000,8,9.35386,85.5262,381
0,1,16,1024,512,100000000,8,9.8687,81.0643,190
0,1,16,1024,1024,100000000,8,9.29162,86.0991,95
0,1,16,1024,97656,100000000,8,9.0992,87.9198,1
0,1,16,32,32,100000000,8,34.0928,23.4653,97656
0,1,16,32,64,100000000,8,19.0394,42.0182,48828
0,1,16,32,128,100000000,8,12.3323,64.8704,24414
0,1,16,32,256,100000000,8,10.48,76.3356,12207
0,1,16,32,512,100000000,8,10.3106,77.5901,6103
0,1,16,32,1024,100000000,8,10.075,79.4042,3051
0,1,16,32,3125000,100000000,8,10.1685,78.674,1
0,1,16,64,32,100000000,8,20.3348,39.3415,48828
0,1,16,64,64,100000000,8,11.6467,68.6889,24414
0,1,16,64,128,100000000,8,10.384,77.0414,12207
0,1,16,64,256,100000000,8,9.85936,81.1412,6103
0,1,16,64,512,100000000,8,9.67312,82.7034,3051
0,1,16,64,1024,100000000,8,10.3992,76.929,1525
0,1,16,64,1562500,100000000,8,9.10179,87.8948,1
0,1,16,128,32,100000000,8,11.3564,70.4446,24414
0,1,16,128,64,100000000,8,9.92611,80.5955,12207
0,1,16,128,128,100000000,8,9.51133,84.1102,6103
0,1,16,128,256,100000000,8,9.50522,84.1643,3051
0,1,16,128,512,100000000,8,9.43376,84.8018,1525
0,1,16,128,1024,100000000,8,9.40026,85.1041,762
0,1,16,128,781250,100000000,8,9.1225,87.6953,1
0,1,16,256,32,100000000,8,9.86058,81.1312,12207
0,1,16,256,64,100000000,8,9.52269,84.0099,6103
0,1,16,256,128,100000000,8,9.47094,84.4689,3051
0,1,16,256,256,100000000,8,9.43334,84.8056,1525
0,1,16,256,512,100000000,8,9.3649,85.4254,762
0,1,16,256,1024,100000000,8,9.33776,85.6737,381
0,1,16,256,390625,100000000,8,9.64733,82.9245,1
0,1,16,512,32,100000000,8,9.47894,84.3976,6103
0,1,16,512,64,100000000,8,9.44102,84.7366,3051
0,1,16,512,128,100000000,8,9.40781,85.0357,1525
0,1,16,512,256,100000000,8,9.38429,85.2489,762
0,1,16,512,512,100000000,8,9.35709,85.4967,381
0,1,16,512,1024,100000000,8,9.30851,85.9428,190
0,1,16,512,195312,100000000,8,9.08998,88.009,1
0,1,16,1024,32,100000000,8,9.39088,85.189,3051
0,1,16,1024,64,100000000,8,9.37056,85.3738,1525
0,1,16,1024,128,100000000,8,9.34224,85.6326,762
0,1,16,1024,256,100000000,8,9.32518,85.7892,381
0,1,16,1024,512,100000000,8,9.32867,85.7571,190
0,1,16,1024,1024,100000000,8,9.31984,85.8384,95
0,1,16,1024,97656,100000000,8,9.13117,87.612,1
0,1,16,32,32,100000000,8,34.7329,23.0329,97656
0,1,16,32,64,100000000,8,19.0382,42.0208,48828
0,1,16,32,128,100000000,8,11.8752,67.3673,24414
0,1,16,32,256,100000000,8,10.4262,76.7299,12207
0,1,16,32,512,100000000,8,10.2448,78.0884,6103
0,1,16,32,1024,100000000,8,11.3765,70.3205,3051
0,1,16,32,3125000,100000000,8,10.1866,78.5344,1
0,1,16,64,32,100000000,8,19.0673,41.9567,48828
0,1,16,64,64,100000000,8,11.6803,68.4913,24414
0,1,16,64,128,100000000,8,10.2488,78.0577,12207
0,1,16,64,256,100000000,8,11.5483,69.2743,6103
0,1,16,64,512,100000000,8,9.74013,82.1344,3051
0,1,16,64,1024,100000000,8,9.47066,84.4714,1525
0,1,16,64,1562500,100000000,8,9.10762,87.8386,1
0,1,16,128,32,100000000,8,11.3156,70.6986,24414
0,1,16,128,64,100000000,8,9.91853,80.6571,12207
0,1,16,128,128,100000000,8,9.52234,84.013,6103
0,1,16,128,256,100000000,8,9.49949,84.2151,3051
0,1,16,128,512,100000000,8,9.41677,84.9548,1525
0,1,16,128,1024,100000000,8,9.38794,85.2158,762
0,1,16,128,781250,100000000,8,9.58051,83.5028,1
0,1,16,256,32,100000000,8,9.85565,81.1717,12207
0,1,16,256,64,100000000,8,9.48851,84.3125,6103
0,1,16,256,128,100000000,8,9.4401,84.7449,3051
0,1,16,256,256,100000000,8,9.41258,84.9927,1525
0,1,16,256,512,100000000,8,9.41062,85.0103,762
0,1,16,256,1024,100000000,8,9.33814,85.6701,381
0,1,16,256,390625,100000000,8,9.10134,87.8991,1
0,1,16,512,32,100000000,8,9.52614,83.9794,6103
0,1,16,512,64,100000000,8,9.45904,84.5752,3051
0,1,16,512,128,100000000,8,9.39658,85.1374,1525
0,1,16,512,256,100000000,8,9.3633,85.44,762
0,1,16,512,512,100000000,8,9.34582,85.5997,381
0,1,16,512,1024,100000000,8,9.33453,85.7033,190
0,1,16,512,195312,100000000,8,9.12413,87.6796,1
0,1,16,1024,32,100000000,8,9.41562,84.9652,3051
0,1,16,1024,64,100000000,8,9.39155,85.1829,1525
0,1,16,1024,128,100000000,8,9.36662,85.4096,762
0,1,16,1024,256,100000000,8,9.33328,85.7148,381
0,1,16,1024,512,100000000,8,9.30813,85.9464,190
0,1,16,1024,1024,100000000,8,9.30726,85.9544,95
0,1,16,1024,97656,100000000,8,9.11952,87.7239,1
0,1,16,32,32,100000000,8,34.0495,23.4952,97656
0,1,16,32,64,100000000,8,18.9825,42.1442,48828
0,1,16,32,128,100000000,8,12.038,66.4561,24414
0,1,16,32,256,100000000,8,10.5061,76.1459,12207
0,1,16,32,512,100000000,8,10.1963,78.4597,6103
0,1,16,32,1024,100000000,8,9.98198,80.1444,3051
0,1,16,32,3125000,100000000,8,10.1724,78.6441,1
0,1,16,64,32,100000000,8,19.2105,41.644,48828
0,1,16,64,64,100000000,8,11.698,68.3875,24414
0,1,16,64,128,100000000,8,10.372,77.1305,12207
0,1,16,64,256,100000000,8,9.88813,80.9051,6103
0,1,16,64,512,100000000,8,9.69379,82.527,3051
0,1,16,64,1024,100000000,8,9.51248,84.1,1525
0,1,16,64,1562500,100000000,8,9.13491,87.5761,1
0,1,16,128,32,100000000,8,11.296,70.8213,24414
0,1,16,128,64,100000000,8,9.98237,80.1413,12207
0,1,16,128,128,100000000,8,9.51043,84.1182,6103
0,1,16,128,256,100000000,8,9.50499,84.1663,3051
0,1,16,128,512,100000000,8,9.42717,84.8611,1525
0,1,16,128,1024,100000000,8,9.42013,84.9245,762
0,1,16,128,781250,100000000,8,9.11674,87.7507,1
0,1,16,256,32,100000000,8,9.83789,81.3183,12207
0,1,16,256,64,100000000,8,9.47411,84.4406,6103
0,1,16,256,128,100000000,8,9.42598,84.8718,3051
0,1,16,256,256,100000000,8,9.40288,85.0803,1525
0,1,16,256,512,100000000,8,9.36944,85.384,762
0,1,16,256,1024,100000000,8,9.34464,85.6106,381
0,1,16,256,390625,100000000,8,9.09891,87.9226,1
0,1,16,512,32,100000000,8,9.44195,84.7282,6103
0,1,16,512,64,100000000,8,9.42768,84.8565,3051
0,1,16,512,128,100000000,8,9.39622,85.1406,1525
0,1,16,512,256,100000000,8,9.36416,85.4321,762
0,1,16,512,512,100000000,8,9.34602,85.598,381
0,1,16,512,1024,100000000,8,9.32134,85.8245,190
0,1,16,512,195312,100000000,8,9.13859,87.5408,1
0,1,16,1024,32,100000000,8,9.44886,84.6663,3051
0,1,16,1024,64,100000000,8,9.41802,84.9436,1525
0,1,16,1024,128,100000000,8,9.39107,85.1873,762
0,1,16,1024,256,100000000,8,9.35696,85.4978,381
0,1,16,1024,512,100000000,8,9.2937,86.0798,190
0,1,16,1024,1024,100000000,8,9.2913,86.1021,95
0,1,16,1024,97656,100000000,8,9.10058,87.9065,1
0,1,16,32,32,100000000,8,34.0285,23.5097,97656
0,1,16,32,64,100000000,8,19.0161,42.0696,48828
0,1,16,32,128,100000000,8,12.0508,66.3854,24414
0,1,16,32,256,100000000,8,10.5722,75.6704,12207
0,1,16,32,512,100000000,8,10.2363,78.1536,6103
0,1,16,32,1024,100000000,8,10.0353,79.7189,3051
0,1,16,32,3125000,100000000,8,10.1745,78.628,1
0,1,16,64,32,100000000,8,19.1152,41.8515,48828
0,1,16,64,64,100000000,8,11.675,68.5222,24414
0,1,16,64,128,100000000,8,10.4104,76.846,12207
0,1,16,64,256,100000000,8,9.78963,81.7191,6103
0,1,16,64,512,100000000,8,9.69091,82.5516,3051
0,1,16,64,1024,100000000,8,9.54803,83.7869,1525
0,1,16,64,1562500,100000000,8,9.13565,87.5691,1
0,1,16,128,32,100000000,8,11.3102,70.7328,24414
0,1,16,128,64,100000000,8,9.91136,80.7155,12207
0,1,16,128,128,100000000,8,9.51552,84.0732,6103
0,1,16,128,256,100000000,8,9.51606,84.0684,3051
0,1,16,128,512,100000000,8,9.45402,84.6201,1525
0,1,16,128,1024,100000000,8,9.41434,84.9768,762
0,1,16,128,781250,100000000,8,9.13226,87.6016,1
0,1,16,256,32,100000000,8,9.85008,81.2176,12207
0,1,16,256,64,100000000,8,9.49155,84.2855,6103
0,1,16,256,128,100000000,8,9.43661,84.7762,3051
0,1,16,256,256,100000000,8,9.39235,85.1757,1525
0,1,16,256,512,100000000,8,9.36525,85.4222,762
0,1,16,256,1024,100000000,8,9.36365,85.4368,381
0,1,16,256,390625,100000000,8,9.14067,87.5209,1
0,1,16,512,32,100000000,8,9.47789,84.407,6103
0,1,16,512,64,100000000,8,9.4408,84.7386,3051
0,1,16,512,128,100000000,8,9.41494,84.9713,1525
0,1,16,512,256,100000000,8,9.38246,85.2654,762
0,1,16,512,512,100000000,8,10.2984,77.682,381
0,1,16,512,1024,100000000,8,9.35053,85.5567,190
0,1,16,512,195312,100000000,8,9.13523,87.573,1
0,1,16,1024,32,100000000,8,9.44339,84.7153,3051
0,1,16,1024,64,100000000,8,9.43216,84.8162,1525
0,1,16,1024,128,100000000,8,10.6564,75.0724,762
0,1,16,1024,256,100000000,8,9.34781,85.5816,381
0,1,16,1024,512,100000000,8,9.32813,85.7621,190
0,1,16,1024,1024,100000000,8,9.31504,85.8826,95
0,1,16,1024,97656,100000000,8,9.12765,87.6458,1
0,1,16,32,32,100000000,8,36.261,22.0623,97656
0,1,16,32,64,100000000,8,18.926,42.2699,48828
0,1,16,32,128,100000000,8,11.9659,66.8569,24414
0,1,16,32,256,100000000,8,10.3389,77.3776,12207
0,1,16,32,512,100000000,8,10.3295,77.4483,6103
0,1,16,32,1024,100000000,8,10.8903,73.4601,3051
0,1,16,32,3125000,100000000,8,10.1716,78.6502,1
0,1,16,64,32,100000000,8,18.9046,42.3178,48828
0,1,16,64,64,100000000,8,11.7511,68.0789,24414
0,1,16,64,128,100000000,8,10.2734,77.8707,12207
0,1,16,64,256,100000000,8,9.83859,81.3125,6103
0,1,16,64,512,100000000,8,9.65894,82.8248,3051
0,1,16,64,1024,100000000,8,9.47686,84.4161,1525
0,1,16,64,1562500,100000000,8,9.09875,87.9241,1
0,1,16,128,32,100000000,8,11.3403,70.5451,24414
0,1,16,128,64,100000000,8,11.262,71.0356,12207
0,1,16,128,128,100000000,8,9.51398,84.0868,6103
0,1,16,128,256,100000000,8,9.50822,84.1377,3051
0,1,16,128,512,100000000,8,9.45795,84.5849,1525
0,1,16,128,1024,100000000,8,9.42502,84.8804,762
0,1,16,128,781250,100000000,8,10.3635,77.1943,1
0,1,16,256,32,100000000,8,9.8385,81.3132,12207
0,1,16,256,64,100000000,8,9.52182,84.0175,6103
0,1,16,256,128,100000000,8,9.47421,84.4398,3051
0,1,16,256,256,100000000,8,9.41984,84.9271,1525
0,1,16,256,512,100000000,8,9.91165,80.7131,762
0,1,16,256,1024,100000000,8,9.38445,85.2474,381
0,1,16,256,390625,100000000,8,9.13424,87.5825,1
0,1,16,512,32,100000000,8,9.50202,84.1927,6103
0,1,16,512,64,100000000,8,9.45421,84.6184,3051
0,1,16,512,128,100000000,8,11.6055,68.933,1525
0,1,16,512,256,100000000,8,9.38,85.2878,762
0,1,16,512,512,100000000,8,9.35078,85.5543,381
0,1,16,512,1024,100000000,8,9.32173,85.821,190
0,1,16,512,195312,100000000,8,9.10771,87.8376,1
0,1,16,1024,32,100000000,8,9.91606,80.6772,3051
0,1,16,1024,64,100000000,8,9.42349,84.8943,1525
0,1,16,1024,128,100000000,8,9.37555,85.3283,762
0,1,16,1024,256,100000000,8,9.36035,85.4669,381
0,1,16,1024,512,100000000,8,9.29882,86.0325,190
0,1,16,1024,1024,100000000,8,9.29904,86.0304,95
0,1,16,1024,97656,100000000,8,9.13421,87.5829,1
